timestamp,nav
2020-01-02 05:00:00+00:00,99812.39265797789
2020-01-03 05:00:00+00:00,101734.69449991282
2020-01-06 05:00:00+00:00,101021.42404193533
2020-01-07 05:00:00+00:00,100395.8249674343
2020-01-08 05:00:00+00:00,99559.67892353858
2020-01-09 05:00:00+00:00,99997.65124947879
2020-01-10 05:00:00+00:00,101102.45839961382
2020-01-13 05:00:00+00:00,100720.79019759789
2020-01-14 05:00:00+00:00,101368.99605563011
2020-01-15 05:00:00+00:00,102203.61092136039
2020-01-16 05:00:00+00:00,101802.57196985152
2020-01-17 05:00:00+00:00,100710.12887499906
2020-01-21 05:00:00+00:00,102044.0378450637
2020-01-22 05:00:00+00:00,102484.9846914907
2020-01-23 05:00:00+00:00,103376.56090264181
2020-01-24 05:00:00+00:00,104412.91551689962
2020-01-27 05:00:00+00:00,106419.10295162638
2020-01-28 05:00:00+00:00,105400.77397078228
2020-01-29 05:00:00+00:00,106697.27038364192
2020-01-30 05:00:00+00:00,106713.27564832743
2020-01-31 05:00:00+00:00,107928.70806010111
2020-02-03 05:00:00+00:00,107818.49699468147
2020-02-04 05:00:00+00:00,106000.61856004204
2020-02-05 05:00:00+00:00,104524.02194117226
2020-02-06 05:00:00+00:00,105117.53215776512
2020-02-07 05:00:00+00:00,106744.73937943336
2020-02-10 05:00:00+00:00,107105.69817830644
2020-02-11 05:00:00+00:00,106431.64476018175
2020-02-12 05:00:00+00:00,105752.14528382523
2020-02-13 05:00:00+00:00,106260.62687985002
2020-02-14 05:00:00+00:00,106839.13121334613
2020-02-18 05:00:00+00:00,107746.89638038028
2020-02-19 05:00:00+00:00,107734.98342730121
2020-02-20 05:00:00+00:00,108788.09052834491
2020-02-21 05:00:00+00:00,110046.27503762225
2020-02-24 05:00:00+00:00,112072.63460943055
2020-02-25 05:00:00+00:00,112791.35523116055
2020-02-26 05:00:00+00:00,112047.25486750127
2020-02-27 05:00:00+00:00,113573.72966264556
2020-02-28 05:00:00+00:00,116736.0243496191
2020-03-02 05:00:00+00:00,115684.96580303565
2020-03-03 05:00:00+00:00,117943.27266862003
2020-03-04 05:00:00+00:00,116400.27717099112
2020-03-05 05:00:00+00:00,120060.8599946758
2020-03-06 05:00:00+00:00,127636.3256825914
2020-03-09 04:00:00+00:00,131692.8349769434
2020-03-10 04:00:00+00:00,123500.69341124268
2020-03-11 04:00:00+00:00,117434.53268298844
2020-03-12 04:00:00+00:00,118378.86969441874
2020-03-13 04:00:00+00:00,115055.61048658183
2020-03-16 04:00:00+00:00,124612.15517879784
2020-03-17 04:00:00+00:00,114984.05449121856
2020-03-18 04:00:00+00:00,106197.38348126857
2020-03-19 04:00:00+00:00,110090.47609275431
2020-03-20 04:00:00+00:00,120061.8196169133
2020-03-23 04:00:00+00:00,125719.06548455612
2020-03-24 04:00:00+00:00,122912.2990023892
2020-03-25 04:00:00+00:00,122550.74870708553
2020-03-26 04:00:00+00:00,123305.5080139278
2020-03-27 04:00:00+00:00,127388.60554918514
2020-03-30 04:00:00+00:00,126111.08223876884
2020-03-31 04:00:00+00:00,124817.83047934655
2020-04-01 04:00:00+00:00,127022.19034895145
2020-04-02 04:00:00+00:00,128009.41319555405
2020-04-03 04:00:00+00:00,128385.44535365532
2020-04-06 04:00:00+00:00,127966.0954113183
2020-04-07 04:00:00+00:00,126283.20609636
2020-04-08 04:00:00+00:00,125116.67409619215
2020-04-09 04:00:00+00:00,125400.73604169815
2020-04-13 04:00:00+00:00,123971.23335802126
2020-04-14 04:00:00+00:00,123930.68172057251
2020-04-15 04:00:00+00:00,128032.24784730187
2020-04-16 04:00:00+00:00,129784.59764984161
2020-04-17 04:00:00+00:00,127633.27111333737
2020-04-20 04:00:00+00:00,128932.9598832979
2020-04-21 04:00:00+00:00,130942.49701928423
2020-04-22 04:00:00+00:00,129290.25362553934
2020-04-23 04:00:00+00:00,130154.4095854786
2020-04-24 04:00:00+00:00,130532.88070111732
2020-04-27 04:00:00+00:00,127500.78955296632
2020-04-28 04:00:00+00:00,129371.9722479087
2020-04-29 04:00:00+00:00,128539.9165028321
2020-04-30 04:00:00+00:00,126651.52642337463
2020-05-01 04:00:00+00:00,128023.09892662785
2020-05-04 04:00:00+00:00,127274.51372615513
2020-05-05 04:00:00+00:00,126250.10041823277
2020-05-06 04:00:00+00:00,123680.4661043764
2020-05-07 04:00:00+00:00,126310.25087262935
2020-05-08 04:00:00+00:00,124292.10765508153
2020-05-11 04:00:00+00:00,123058.66184385362
2020-05-12 04:00:00+00:00,124649.29901614903
2020-05-13 04:00:00+00:00,125723.05503917455
2020-05-14 04:00:00+00:00,127247.4356849265
2020-05-15 04:00:00+00:00,126841.61516087104
2020-05-18 04:00:00+00:00,123380.87477406167
2020-05-19 04:00:00+00:00,123967.16204292359
2020-05-20 04:00:00+00:00,124428.0516762091
2020-05-21 04:00:00+00:00,124813.64822786774
2020-05-22 04:00:00+00:00,125749.04952394927
2020-05-26 04:00:00+00:00,123651.58596788812
2020-05-27 04:00:00+00:00,123359.97912748397
2020-05-28 04:00:00+00:00,122790.84930570664
2020-05-29 04:00:00+00:00,123889.61218245492
2020-06-01 04:00:00+00:00,122849.76944380662
2020-06-02 04:00:00+00:00,122286.0941214876
2020-06-03 04:00:00+00:00,120240.298139586
2020-06-04 04:00:00+00:00,118027.24117819837
2020-06-05 04:00:00+00:00,116952.9235998142
2020-06-08 04:00:00+00:00,117516.7754587438
2020-06-09 04:00:00+00:00,119174.15158391165
2020-06-10 04:00:00+00:00,121350.08327031301
2020-06-11 04:00:00+00:00,124160.81195419058
2020-06-12 04:00:00+00:00,122713.37895963724
2020-06-15 04:00:00+00:00,122796.70261824652
2020-06-16 04:00:00+00:00,120440.7401360684
2020-06-17 04:00:00+00:00,121068.72202076366
2020-06-18 04:00:00+00:00,122661.80001420237
2020-06-19 04:00:00+00:00,122779.96489600468
2020-06-22 04:00:00+00:00,122797.76060682011
2020-06-23 04:00:00+00:00,121746.42107867698
2020-06-24 04:00:00+00:00,123389.55209719126
2020-06-25 04:00:00+00:00,123826.07094241337
2020-06-26 04:00:00+00:00,125474.91931601719
2020-06-29 04:00:00+00:00,124984.10030237625
2020-06-30 04:00:00+00:00,124221.64477468154
2020-07-01 04:00:00+00:00,123916.87729955337
2020-07-02 04:00:00+00:00,124077.09942968031
2020-07-06 04:00:00+00:00,123441.94493868301
2020-07-07 04:00:00+00:00,125615.75453764982
2020-07-08 04:00:00+00:00,124994.13879968665
2020-07-09 04:00:00+00:00,127488.02456765276
2020-07-10 04:00:00+00:00,126696.52599964
2020-07-13 04:00:00+00:00,127221.25445321703
2020-07-14 04:00:00+00:00,127447.8645578313
2020-07-15 04:00:00+00:00,126704.25223274359
2020-07-16 04:00:00+00:00,127459.06565950913
2020-07-17 04:00:00+00:00,127125.5683694853
2020-07-20 04:00:00+00:00,127515.62781418746
2020-07-21 04:00:00+00:00,127609.60896406694
2020-07-22 04:00:00+00:00,128084.50016299576
2020-07-23 04:00:00+00:00,129946.33505799461
2020-07-24 04:00:00+00:00,129933.38841551829
2020-07-27 04:00:00+00:00,129329.58271373606
2020-07-28 04:00:00+00:00,130451.43778790117
2020-07-29 04:00:00+00:00,130173.65137301569
2020-07-30 04:00:00+00:00,131245.75174716258
2020-07-31 04:00:00+00:00,131139.21865775535
2020-08-03 04:00:00+00:00,130312.32520009851
2020-08-04 04:00:00+00:00,131871.84381293008
2020-08-05 04:00:00+00:00,130441.70855970964
2020-08-06 04:00:00+00:00,131357.9081022126
2020-08-07 04:00:00+00:00,130267.4943179974
2020-08-10 04:00:00+00:00,129532.28928711363
2020-08-11 04:00:00+00:00,127594.83416074034
2020-08-12 04:00:00+00:00,126121.57922875638
2020-08-13 04:00:00+00:00,124414.02023170896
2020-08-14 04:00:00+00:00,123796.32230630737
2020-08-17 04:00:00+00:00,124184.9722596989
2020-08-18 04:00:00+00:00,125289.56788427164
2020-08-19 04:00:00+00:00,124315.97913115192
2020-08-20 04:00:00+00:00,125727.54132805322
2020-08-21 04:00:00+00:00,126657.79979851219
2020-08-24 04:00:00+00:00,126400.13498594657
2020-08-25 04:00:00+00:00,125186.32556251517
2020-08-26 04:00:00+00:00,124580.35064416497
2020-08-27 04:00:00+00:00,121914.38345989444
2020-08-28 04:00:00+00:00,121794.02600779441
2020-08-31 04:00:00+00:00,122804.40859099051
2020-09-01 04:00:00+00:00,124543.92279908987
2020-09-02 04:00:00+00:00,126002.62286340566
2020-09-03 04:00:00+00:00,126442.24597403432
2020-09-04 04:00:00+00:00,123445.25050114225
2020-09-08 04:00:00+00:00,124410.08357417198
2020-09-09 04:00:00+00:00,123993.05591796487
2020-09-10 04:00:00+00:00,124781.16713287644
2020-09-11 04:00:00+00:00,125110.38987201217
2020-09-14 04:00:00+00:00,125099.66553045943
2020-09-15 04:00:00+00:00,124717.7940690718
2020-09-16 04:00:00+00:00,124250.36584641553
2020-09-17 04:00:00+00:00,124726.06539194778
2020-09-18 04:00:00+00:00,124240.1581559401
2020-09-21 04:00:00+00:00,125028.94489137038
2020-09-22 04:00:00+00:00,124904.50220457229
2020-09-23 04:00:00+00:00,125112.61871803818
2020-09-24 04:00:00+00:00,125709.66538646468
2020-09-25 04:00:00+00:00,125708.24040924605
2020-09-28 04:00:00+00:00,125259.81104691085
2020-09-29 04:00:00+00:00,125439.78533501206
2020-09-30 04:00:00+00:00,123935.59723833174
2020-10-01 04:00:00+00:00,124191.22955289672
2020-10-02 04:00:00+00:00,123610.9927212317
2020-10-05 04:00:00+00:00,120575.96298900462
2020-10-06 04:00:00+00:00,121402.09861973324
2020-10-07 04:00:00+00:00,120299.01241128285
2020-10-08 04:00:00+00:00,121114.94408577916
2020-10-09 04:00:00+00:00,121085.43711454197
2020-10-12 04:00:00+00:00,121566.20379239842
2020-10-13 04:00:00+00:00,122649.201880434
2020-10-14 04:00:00+00:00,122994.9141929569
2020-10-15 04:00:00+00:00,122728.91814910313
2020-10-16 04:00:00+00:00,122300.03834675785
2020-10-19 04:00:00+00:00,121719.6638350391
2020-10-20 04:00:00+00:00,120261.68791394154
2020-10-21 04:00:00+00:00,119730.72116911992
2020-10-22 04:00:00+00:00,118164.99091448891
2020-10-23 04:00:00+00:00,119075.23370306585
2020-10-26 04:00:00+00:00,120448.87081955145
2020-10-27 04:00:00+00:00,121445.43444198798
2020-10-28 04:00:00+00:00,121583.93373210181
2020-10-29 04:00:00+00:00,120106.38887970157
2020-10-30 04:00:00+00:00,118604.53120327182
2020-11-02 05:00:00+00:00,119724.92029204963
2020-11-03 05:00:00+00:00,118861.89849992977
2020-11-04 05:00:00+00:00,122099.01888971162
2020-11-05 05:00:00+00:00,122352.19208505831
2020-11-06 05:00:00+00:00,120504.58148257216
2020-11-09 05:00:00+00:00,117286.09421297986
2020-11-10 05:00:00+00:00,116412.58058552638
2020-11-11 05:00:00+00:00,116939.35995552466
2020-11-12 05:00:00+00:00,119410.96167683606
2020-11-13 05:00:00+00:00,119212.26154532626
2020-11-16 05:00:00+00:00,118852.74622841644
2020-11-17 05:00:00+00:00,119823.82772796166
2020-11-18 05:00:00+00:00,120253.29511196434
2020-11-19 05:00:00+00:00,121023.82875759422
2020-11-20 05:00:00+00:00,122356.07521724755
2020-11-23 05:00:00+00:00,121662.267500052
2020-11-24 05:00:00+00:00,120139.53318031933
2020-11-25 05:00:00+00:00,119669.09215382404
2020-11-27 05:00:00+00:00,121124.53357478994
2020-11-30 05:00:00+00:00,120934.91965194387
2020-12-01 05:00:00+00:00,118700.32851143116
2020-12-02 05:00:00+00:00,117497.34380793181
2020-12-03 05:00:00+00:00,118690.21518433186
2020-12-04 05:00:00+00:00,116531.84240829486
2020-12-07 05:00:00+00:00,117863.54965641009
2020-12-08 05:00:00+00:00,118551.3224355315
2020-12-09 05:00:00+00:00,118062.46581864318
2020-12-10 05:00:00+00:00,119374.26209510033
2020-12-11 05:00:00+00:00,119895.63423995202
2020-12-14 05:00:00+00:00,119480.56919059786
2020-12-15 05:00:00+00:00,118977.40187791474
2020-12-16 05:00:00+00:00,118578.56993093905
2020-12-17 05:00:00+00:00,118185.32315054353
2020-12-18 05:00:00+00:00,117740.02159962496
2020-12-21 05:00:00+00:00,118325.33863611857
2020-12-22 05:00:00+00:00,119084.1745352427
2020-12-23 05:00:00+00:00,118059.67903340507
2020-12-24 05:00:00+00:00,118645.77224115258
2020-12-28 05:00:00+00:00,118710.2988728817
2020-12-29 05:00:00+00:00,118520.7684421566
2020-12-30 05:00:00+00:00,118840.80009349326
2020-12-31 05:00:00+00:00,119057.39541514855
2021-01-04 05:00:00+00:00,118877.37415503198
2021-01-05 05:00:00+00:00,117772.65567392623
2021-01-06 05:00:00+00:00,114717.34989322678
2021-01-07 05:00:00+00:00,113415.65392661958
2021-01-08 05:00:00+00:00,112950.55075099312
2021-01-11 05:00:00+00:00,112715.22326732767
2021-01-12 05:00:00+00:00,112602.17887536754
2021-01-13 05:00:00+00:00,114185.61144584573
2021-01-14 05:00:00+00:00,112862.62081993307
2021-01-15 05:00:00+00:00,113425.51241669359
2021-01-19 05:00:00+00:00,113879.8639690999
2021-01-20 05:00:00+00:00,114018.18257893265
2021-01-21 05:00:00+00:00,113017.19148823108
2021-01-22 05:00:00+00:00,113476.03376303127
2021-01-25 05:00:00+00:00,115139.71405413075
2021-01-26 05:00:00+00:00,114868.55858523388
2021-01-27 05:00:00+00:00,115233.1628102705
2021-01-28 05:00:00+00:00,114437.0195505805
2021-01-29 05:00:00+00:00,113570.70497538519
2021-02-01 05:00:00+00:00,113735.55074133824
2021-02-02 05:00:00+00:00,112811.59431755591
2021-02-03 05:00:00+00:00,111549.61038021614
2021-02-04 05:00:00+00:00,111171.27452645771
2021-02-05 05:00:00+00:00,110001.32340446368
2021-02-08 05:00:00+00:00,110608.42195489108
2021-02-09 05:00:00+00:00,110709.03611108004
2021-02-10 05:00:00+00:00,111627.29458401859
2021-02-11 05:00:00+00:00,110866.58920892586
2021-02-12 05:00:00+00:00,109133.8192788804
2021-02-16 05:00:00+00:00,107021.08167093211
2021-02-17 05:00:00+00:00,107882.08537677127
2021-02-18 05:00:00+00:00,107338.74293602319
2021-02-19 05:00:00+00:00,105545.79107488488
2021-02-22 05:00:00+00:00,104523.03661651645
2021-02-23 05:00:00+00:00,104140.58436941702
2021-02-24 05:00:00+00:00,103282.70925609763
2021-02-25 05:00:00+00:00,101156.31253052363
2021-02-26 05:00:00+00:00,105416.21529076593
2021-03-01 05:00:00+00:00,103734.84941534638
2021-03-02 05:00:00+00:00,103741.24626197077
2021-03-03 05:00:00+00:00,102332.36284064806
2021-03-04 05:00:00+00:00,101495.58058980119
2021-03-05 05:00:00+00:00,101742.63145672702
2021-03-08 05:00:00+00:00,100754.89864545476
2021-03-09 05:00:00+00:00,102512.10571780281
2021-03-10 05:00:00+00:00,102761.76605292855
2021-03-11 05:00:00+00:00,101835.98518997063
2021-03-12 05:00:00+00:00,99105.37735731952
2021-03-15 04:00:00+00:00,99848.01407168429
2021-03-16 04:00:00+00:00,99347.86185496117
2021-03-17 04:00:00+00:00,98412.99813293054
2021-03-18 04:00:00+00:00,97154.20638488366
2021-03-19 04:00:00+00:00,97915.49670393732
2021-03-22 04:00:00+00:00,99291.88104652829
2021-03-23 04:00:00+00:00,100395.21923672146
2021-03-24 04:00:00+00:00,101061.604225182
2021-03-25 04:00:00+00:00,100068.68372631824
2021-03-26 04:00:00+00:00,99625.08541508473
2021-03-29 04:00:00+00:00,98561.11285813893
2021-03-30 04:00:00+00:00,99210.64351994422
2021-03-31 04:00:00+00:00,98520.7154662031
2021-04-01 04:00:00+00:00,100574.19745434161
2021-04-05 04:00:00+00:00,100032.24919799806
2021-04-06 04:00:00+00:00,100883.53854265707
2021-04-07 04:00:00+00:00,100009.31649343712
2021-04-08 04:00:00+00:00,101046.84967406279
2021-04-09 04:00:00+00:00,100591.21683593499
2021-04-12 04:00:00+00:00,100535.01503864037
2021-04-13 04:00:00+00:00,101476.37515916131
2021-04-14 04:00:00+00:00,101074.94943683036
2021-04-15 04:00:00+00:00,103192.66026029641
2021-04-16 04:00:00+00:00,102205.25062556949
2021-04-19 04:00:00+00:00,101833.43807709996
2021-04-20 04:00:00+00:00,102421.05514375007
2021-04-21 04:00:00+00:00,102675.21657832038
2021-04-22 04:00:00+00:00,103232.76642167747
2021-04-23 04:00:00+00:00,102929.44541782462
2021-04-26 04:00:00+00:00,102745.22849887931
2021-04-27 04:00:00+00:00,101620.1316952573
2021-04-28 04:00:00+00:00,101701.17542669523
2021-04-29 04:00:00+00:00,101324.2860128311
2021-04-30 04:00:00+00:00,101616.8366582588
2021-05-03 04:00:00+00:00,101691.75016784895
2021-05-04 04:00:00+00:00,102551.66340570677
2021-05-05 04:00:00+00:00,102760.06177274931
2021-05-06 04:00:00+00:00,102969.86478291929
2021-05-07 04:00:00+00:00,102334.4671132263
2021-05-10 04:00:00+00:00,101029.1508063568
2021-05-11 04:00:00+00:00,100303.6087354225
2021-05-12 04:00:00+00:00,98974.45080311049
2021-05-13 04:00:00+00:00,99165.98774350471
2021-05-14 04:00:00+00:00,100322.53948459539
2021-05-17 04:00:00+00:00,100057.7925464469
2021-05-18 04:00:00+00:00,99736.08533648979
2021-05-19 04:00:00+00:00,99432.37533211052
2021-05-20 04:00:00+00:00,100456.23123700143
2021-05-21 04:00:00+00:00,100852.93577466012
2021-05-24 04:00:00+00:00,101316.9016699543
2021-05-25 04:00:00+00:00,102483.94015195275
2021-05-26 04:00:00+00:00,102263.6202932827
2021-05-27 04:00:00+00:00,101747.39383569069
2021-05-28 04:00:00+00:00,101543.33325985451
2021-06-01 04:00:00+00:00,101513.50010960121
2021-06-02 04:00:00+00:00,101806.01952859992
2021-06-03 04:00:00+00:00,101328.35648383446
2021-06-04 04:00:00+00:00,103067.43602974786
2021-06-07 04:00:00+00:00,102674.06791744652
2021-06-08 04:00:00+00:00,103577.20971012345
2021-06-09 04:00:00+00:00,104709.61320625918
2021-06-10 04:00:00+00:00,105484.47712603227
2021-06-11 04:00:00+00:00,105271.42448888173
2021-06-14 04:00:00+00:00,104259.55879334036
2021-06-15 04:00:00+00:00,104099.4038749993
2021-06-16 04:00:00+00:00,103987.37282703331
2021-06-17 04:00:00+00:00,105931.18645960232
2021-06-18 04:00:00+00:00,108373.66191584012
2021-06-21 04:00:00+00:00,106154.83246578954
2021-06-22 04:00:00+00:00,106477.00294628117
2021-06-23 04:00:00+00:00,106133.6240359876
2021-06-24 04:00:00+00:00,106346.0962411687
2021-06-25 04:00:00+00:00,104965.13580011576
2021-06-28 04:00:00+00:00,106326.85195629628
2021-06-29 04:00:00+00:00,106544.37994886242
2021-06-30 04:00:00+00:00,107134.98021333157
2021-07-01 04:00:00+00:00,107141.14010738979
2021-07-02 04:00:00+00:00,107947.41480749736
2021-07-06 04:00:00+00:00,109516.73785830151
2021-07-07 04:00:00+00:00,110709.7107969917
2021-07-08 04:00:00+00:00,111243.815734236
2021-07-09 04:00:00+00:00,109292.46421296275
2021-07-12 04:00:00+00:00,109108.47321248545
2021-07-13 04:00:00+00:00,108060.71938464655
2021-07-14 04:00:00+00:00,109605.57692902412
2021-07-15 04:00:00+00:00,111095.63099945869
2021-07-16 04:00:00+00:00,110833.88228936779
2021-07-19 04:00:00+00:00,113876.6861423328
2021-07-20 04:00:00+00:00,112533.03881356618
2021-07-21 04:00:00+00:00,110730.21684940907
2021-07-22 04:00:00+00:00,112054.91805698717
2021-07-23 04:00:00+00:00,111124.73154905159
2021-07-26 04:00:00+00:00,110708.48773008186
2021-07-27 04:00:00+00:00,112188.28435169437
2021-07-28 04:00:00+00:00,112194.77615673053
2021-07-29 04:00:00+00:00,111416.24111576288
2021-07-30 04:00:00+00:00,112073.90055112437
2021-08-02 04:00:00+00:00,113315.29227622203
2021-08-03 04:00:00+00:00,113387.41220891119
2021-08-04 04:00:00+00:00,113678.55539738774
2021-08-05 04:00:00+00:00,112954.1745343125
2021-08-06 04:00:00+00:00,110583.47416528512
2021-08-09 04:00:00+00:00,110072.83850566036
2021-08-10 04:00:00+00:00,109433.26862546093
2021-08-11 04:00:00+00:00,109347.44151325541
2021-08-12 04:00:00+00:00,109122.4651603158
2021-08-13 04:00:00+00:00,111276.17803596138
2021-08-16 04:00:00+00:00,111603.70417270057
2021-08-17 04:00:00+00:00,111546.38304961554
2021-08-18 04:00:00+00:00,112014.09150996558
2021-08-19 04:00:00+00:00,113039.97678175515
2021-08-20 04:00:00+00:00,113131.23985680543
2021-08-23 04:00:00+00:00,113036.23044791566
2021-08-24 04:00:00+00:00,111934.11988092957
2021-08-25 04:00:00+00:00,110759.0604853531
2021-08-26 04:00:00+00:00,111143.7764384118
2021-08-27 04:00:00+00:00,112083.86982201778
2021-08-30 04:00:00+00:00,112444.51954444514
2021-08-31 04:00:00+00:00,111488.83575555604
2021-09-01 04:00:00+00:00,111722.30629979448
2021-09-02 04:00:00+00:00,112329.92442125444
2021-09-03 04:00:00+00:00,111057.68786390484
2021-09-07 04:00:00+00:00,109872.64442984568
2021-09-08 04:00:00+00:00,110814.16879882534
2021-09-09 04:00:00+00:00,112474.01121621426
2021-09-10 04:00:00+00:00,111248.65003851507
2021-09-13 04:00:00+00:00,112097.79394142379
2021-09-14 04:00:00+00:00,113783.82569656601
2021-09-15 04:00:00+00:00,113288.7025988578
2021-09-16 04:00:00+00:00,112636.53695910255
2021-09-17 04:00:00+00:00,111954.71693433753
2021-09-20 04:00:00+00:00,113698.0237681963
2021-09-21 04:00:00+00:00,113574.22305134546
2021-09-22 04:00:00+00:00,114419.74962783777
2021-09-23 04:00:00+00:00,111203.704841442
2021-09-24 04:00:00+00:00,109802.75579846743
2021-09-27 04:00:00+00:00,109288.91907294633
2021-09-28 04:00:00+00:00,107151.09537617168
2021-09-29 04:00:00+00:00,107383.92674151975
2021-09-30 04:00:00+00:00,107364.2383138655
2021-10-01 04:00:00+00:00,108491.96033854711
2021-10-04 04:00:00+00:00,108147.8003178184
2021-10-05 04:00:00+00:00,106837.96632046992
2021-10-06 04:00:00+00:00,107597.57627751878
2021-10-07 04:00:00+00:00,106196.69203038415
2021-10-08 04:00:00+00:00,105254.83883277139
2021-10-11 04:00:00+00:00,104916.335637642
2021-10-12 04:00:00+00:00,107160.97862250618
2021-10-13 04:00:00+00:00,108433.86991288308
2021-10-14 04:00:00+00:00,108929.48710758083
2021-10-15 04:00:00+00:00,108136.85415027404
2021-10-18 04:00:00+00:00,108773.32233440406
2021-10-19 04:00:00+00:00,106903.66839075089
2021-10-20 04:00:00+00:00,105984.50472469094
2021-10-21 04:00:00+00:00,105823.35818828411
2021-10-22 04:00:00+00:00,107278.37773789838
2021-10-25 04:00:00+00:00,107073.53333645526
2021-10-26 04:00:00+00:00,108179.63857914942
2021-10-27 04:00:00+00:00,110614.6227567319
2021-10-28 04:00:00+00:00,110152.0379135336
2021-10-29 04:00:00+00:00,110572.99958459988
2021-11-01 04:00:00+00:00,109579.15312020335
2021-11-02 04:00:00+00:00,110189.90080021751
2021-11-03 04:00:00+00:00,108770.32309324523
2021-11-04 04:00:00+00:00,110211.96384801996
2021-11-05 04:00:00+00:00,112246.06350180566
2021-11-08 05:00:00+00:00,111983.60227780014
2021-11-09 05:00:00+00:00,113805.80067661905
2021-11-10 05:00:00+00:00,111238.27766620528
2021-11-11 05:00:00+00:00,111023.05801135606
2021-11-12 05:00:00+00:00,110410.9567431523
2021-11-15 05:00:00+00:00,108667.09572660345
2021-11-16 05:00:00+00:00,108312.9000204155
2021-11-17 05:00:00+00:00,109387.3902829139
2021-11-18 05:00:00+00:00,109894.6968717887
2021-11-19 05:00:00+00:00,111336.77656752845
2021-11-22 05:00:00+00:00,109719.25511841977
2021-11-23 05:00:00+00:00,107707.01151301585
2021-11-24 05:00:00+00:00,109902.83835282187
2021-11-26 05:00:00+00:00,113304.47689922384
2021-11-29 05:00:00+00:00,112192.90802317973
2021-11-30 05:00:00+00:00,114339.46664046051
2021-12-01 05:00:00+00:00,115202.9853823256
2021-12-02 05:00:00+00:00,115379.55298207309
2021-12-03 05:00:00+00:00,117096.46076976658
2021-12-06 05:00:00+00:00,115108.30508833463
2021-12-07 05:00:00+00:00,113924.3131263373
2021-12-08 05:00:00+00:00,111434.63150419071
2021-12-09 05:00:00+00:00,112225.31974140683
2021-12-10 05:00:00+00:00,111887.28226497304
2021-12-13 05:00:00+00:00,113956.01070314409
2021-12-14 05:00:00+00:00,113618.42779205172
2021-12-15 05:00:00+00:00,112247.05793916823
2021-12-16 05:00:00+00:00,112299.58746589547
2021-12-17 05:00:00+00:00,113887.79970657642
2021-12-20 05:00:00+00:00,112832.52638621241
2021-12-21 05:00:00+00:00,112289.65743928247
2021-12-22 05:00:00+00:00,112940.4846433733
2021-12-23 05:00:00+00:00,111720.47227598037
2021-12-27 05:00:00+00:00,112059.95983520125
2021-12-28 05:00:00+00:00,111504.73199877546
2021-12-29 05:00:00+00:00,109974.09260823457
2021-12-30 05:00:00+00:00,111139.1191524502
2021-12-31 05:00:00+00:00,111407.17339495721
2022-01-03 05:00:00+00:00,107756.3998323405
2022-01-04 05:00:00+00:00,107170.87570730424
2022-01-05 05:00:00+00:00,106438.39107567811
2022-01-06 05:00:00+00:00,106783.14509425931
2022-01-07 05:00:00+00:00,105825.07232523346
2022-01-10 05:00:00+00:00,106151.24260178744
2022-01-11 05:00:00+00:00,107031.661473667
2022-01-12 05:00:00+00:00,106521.12104190205
2022-01-13 05:00:00+00:00,107706.36867615172
2022-01-14 05:00:00+00:00,105687.64088984954
2022-01-18 05:00:00+00:00,103793.47711803329
2022-01-19 05:00:00+00:00,104703.88825040459
2022-01-20 05:00:00+00:00,105502.5847690966
2022-01-21 05:00:00+00:00,107058.15274686074
2022-01-24 05:00:00+00:00,105969.99822508353
2022-01-25 05:00:00+00:00,105752.6267800457
2022-01-26 05:00:00+00:00,104148.34236023082
2022-01-27 05:00:00+00:00,106568.20733691963
2022-01-28 05:00:00+00:00,106609.59081973159
2022-01-31 05:00:00+00:00,105919.93891848646
2022-02-01 05:00:00+00:00,105475.89154286086
2022-02-02 05:00:00+00:00,105922.83691118426
2022-02-03 05:00:00+00:00,104891.63011936547
2022-02-04 05:00:00+00:00,102938.81441942193
2022-02-07 05:00:00+00:00,103020.10593358811
2022-02-08 05:00:00+00:00,102157.57555278215
2022-02-09 05:00:00+00:00,102398.05633561869
2022-02-10 05:00:00+00:00,100363.55594490613
2022-02-11 05:00:00+00:00,102254.13739020233
2022-02-14 05:00:00+00:00,100686.11179267545
2022-02-15 05:00:00+00:00,99234.7515660748
2022-02-16 05:00:00+00:00,99977.07238743403
2022-02-17 05:00:00+00:00,100898.97431919673
2022-02-18 05:00:00+00:00,102211.4096841695
2022-02-22 05:00:00+00:00,102532.69774005009
2022-02-23 05:00:00+00:00,100769.13938213741
2022-02-24 05:00:00+00:00,100850.15767512139
2022-02-25 05:00:00+00:00,100941.23761810311
2022-02-28 05:00:00+00:00,103699.23787308317
2022-03-01 05:00:00+00:00,105153.97820990159
2022-03-02 05:00:00+00:00,100716.90920165571
2022-03-03 05:00:00+00:00,102046.53308338305
2022-03-04 05:00:00+00:00,104220.54732667682
2022-03-07 05:00:00+00:00,103242.48864490261
2022-03-08 05:00:00+00:00,101931.01377832546
2022-03-09 05:00:00+00:00,100663.8928905691
2022-03-10 05:00:00+00:00,98831.82077313366
2022-03-11 05:00:00+00:00,99248.94117677395
2022-03-14 04:00:00+00:00,96356.63028027242
2022-03-15 04:00:00+00:00,96135.31479392938
2022-03-16 04:00:00+00:00,97315.3425589
2022-03-17 04:00:00+00:00,96416.54343347427
2022-03-18 04:00:00+00:00,97897.0888042495
2022-03-21 04:00:00+00:00,95098.52635588143
2022-03-22 04:00:00+00:00,93528.37832674434
2022-03-23 04:00:00+00:00,96128.47167496289
2022-03-24 04:00:00+00:00,95207.07158468012
2022-03-25 04:00:00+00:00,93540.26784353021
2022-03-28 04:00:00+00:00,94553.58587156527
2022-03-29 04:00:00+00:00,95436.19888225406
2022-03-30 04:00:00+00:00,96356.55773007816
2022-03-31 04:00:00+00:00,96645.1081578545
2022-04-01 04:00:00+00:00,97102.71578065341
2022-04-04 04:00:00+00:00,96261.05323469656
2022-04-05 04:00:00+00:00,93518.54637940004
2022-04-06 04:00:00+00:00,92539.9713449237
2022-04-07 04:00:00+00:00,91657.3893688533
2022-04-08 04:00:00+00:00,90404.57717895765
2022-04-11 04:00:00+00:00,88590.89362306091
2022-04-12 04:00:00+00:00,88431.74186450407
2022-04-13 04:00:00+00:00,88655.8089312689
2022-04-14 04:00:00+00:00,86436.67328612888
2022-04-18 04:00:00+00:00,85883.20778885005
2022-04-19 04:00:00+00:00,85073.55935135005
2022-04-20 04:00:00+00:00,87229.40116636698
2022-04-21 04:00:00+00:00,86431.91284483536
2022-04-22 04:00:00+00:00,85745.16964779861
2022-04-25 04:00:00+00:00,86823.5929336126
2022-04-26 04:00:00+00:00,87900.63963350655
2022-04-27 04:00:00+00:00,86504.67592725334
2022-04-28 04:00:00+00:00,86665.63361271036
2022-04-29 04:00:00+00:00,85259.30651049768
2022-05-02 04:00:00+00:00,83381.03450698053
2022-05-03 04:00:00+00:00,84095.37065425787
2022-05-04 04:00:00+00:00,84669.19238527976
2022-05-05 04:00:00+00:00,81786.33377616435
2022-05-06 04:00:00+00:00,80223.0035726262
2022-05-09 04:00:00+00:00,81118.72472209341
2022-05-10 04:00:00+00:00,82026.43093325979
2022-05-11 04:00:00+00:00,83977.72508361991
2022-05-12 04:00:00+00:00,83782.50547287191
2022-05-13 04:00:00+00:00,82229.25155200838
2022-05-16 04:00:00+00:00,82118.02650011395
2022-05-17 04:00:00+00:00,80873.49065427348
2022-05-18 04:00:00+00:00,83053.95056369789
2022-05-19 04:00:00+00:00,83292.61690748588
2022-05-20 04:00:00+00:00,84468.6998611869
2022-05-23 04:00:00+00:00,82749.78747182831
2022-05-24 04:00:00+00:00,84826.37653416875
2022-05-25 04:00:00+00:00,85232.84385148792
2022-05-26 04:00:00+00:00,84751.64482155682
2022-05-27 04:00:00+00:00,85010.50962264325
2022-05-31 04:00:00+00:00,82762.76823596157
2022-06-01 04:00:00+00:00,82637.5672714311
2022-06-02 04:00:00+00:00,82689.82934002316
2022-06-03 04:00:00+00:00,82466.73517182935
2022-06-06 04:00:00+00:00,80558.72682450946
2022-06-07 04:00:00+00:00,81667.17294707557
2022-06-08 04:00:00+00:00,80771.09734991463
2022-06-09 04:00:00+00:00,81108.79588167333
2022-06-10 04:00:00+00:00,80480.81837849187
2022-06-13 04:00:00+00:00,77298.33932772433
2022-06-14 04:00:00+00:00,76024.81034015385
2022-06-15 04:00:00+00:00,77823.44120918072
2022-06-16 04:00:00+00:00,78575.30460016863
2022-06-17 04:00:00+00:00,78887.17373951188
2022-06-21 04:00:00+00:00,77217.4774436167
2022-06-22 04:00:00+00:00,79924.19039607502
2022-06-23 04:00:00+00:00,80714.19354101949
2022-06-24 04:00:00+00:00,79328.73851579927
2022-06-27 04:00:00+00:00,78466.6519351108
2022-06-28 04:00:00+00:00,78926.677883559
2022-06-29 04:00:00+00:00,80455.59326909615
2022-06-30 04:00:00+00:00,81319.60001100945
2022-07-01 04:00:00+00:00,82350.95157563042
2022-07-05 04:00:00+00:00,83148.68106016945
2022-07-06 04:00:00+00:00,81415.00481074679
2022-07-07 04:00:00+00:00,80497.68352412643
2022-07-08 04:00:00+00:00,79369.20453143539
2022-07-11 04:00:00+00:00,81098.69207879757
2022-07-12 04:00:00+00:00,81685.63802550649
2022-07-13 04:00:00+00:00,82845.85050532673
2022-07-14 04:00:00+00:00,82009.30751926596
2022-07-15 04:00:00+00:00,82589.35753616077
2022-07-18 04:00:00+00:00,81518.12599853858
2022-07-19 04:00:00+00:00,80960.39192982826
2022-07-20 04:00:00+00:00,81226.37916323387
2022-07-21 04:00:00+00:00,82971.40012973413
2022-07-22 04:00:00+00:00,84675.49924476253
2022-07-25 04:00:00+00:00,83656.27185705704
2022-07-26 04:00:00+00:00,83735.39335964042
2022-07-27 04:00:00+00:00,83146.45036904747
2022-07-28 04:00:00+00:00,83977.24738638342
2022-07-29 04:00:00+00:00,83692.896752616
2022-08-01 04:00:00+00:00,86214.31927000797
2022-08-02 04:00:00+00:00,83992.39680976047
2022-08-03 04:00:00+00:00,85681.97896146843
2022-08-04 04:00:00+00:00,85643.72276011891
2022-08-05 04:00:00+00:00,83091.48829430994
2022-08-08 04:00:00+00:00,84812.64805200502
2022-08-09 04:00:00+00:00,84405.09647166077
2022-08-10 04:00:00+00:00,83711.63442873015
2022-08-11 04:00:00+00:00,81247.63828661277
2022-08-12 04:00:00+00:00,82302.90293863502
2022-08-15 04:00:00+00:00,82213.09339564064
2022-08-16 04:00:00+00:00,82639.20335706644
2022-08-17 04:00:00+00:00,81564.04484983996
2022-08-18 04:00:00+00:00,81714.87329956664
2022-08-19 04:00:00+00:00,80070.32542356652
2022-08-22 04:00:00+00:00,79725.0610201442
2022-08-23 04:00:00+00:00,79173.6881105983
2022-08-24 04:00:00+00:00,78443.06842891953
2022-08-25 04:00:00+00:00,79826.79306787442
2022-08-26 04:00:00+00:00,80564.76552684735
2022-08-29 04:00:00+00:00,79736.74453148794
2022-08-30 04:00:00+00:00,79985.2936539857
2022-08-31 04:00:00+00:00,79029.82912504394
2022-09-01 04:00:00+00:00,77199.54317591674
2022-09-02 04:00:00+00:00,77754.46744121231
2022-09-06 04:00:00+00:00,75358.11048060571
2022-09-07 04:00:00+00:00,76887.62034060007
2022-09-08 04:00:00+00:00,75917.07918933043
2022-09-09 04:00:00+00:00,76128.46975829932
2022-09-12 04:00:00+00:00,75346.46964165352
2022-09-13 04:00:00+00:00,75566.16912691708
2022-09-14 04:00:00+00:00,75888.91763225004
2022-09-15 04:00:00+00:00,75826.52908679411
2022-09-16 04:00:00+00:00,75034.9568576376
2022-09-19 04:00:00+00:00,75254.56727672719
2022-09-20 04:00:00+00:00,74317.29459176712
2022-09-21 04:00:00+00:00,75888.60654661953
2022-09-22 04:00:00+00:00,73508.02678069277
2022-09-23 04:00:00+00:00,73890.54884645512
2022-09-26 04:00:00+00:00,72130.09005659937
2022-09-27 04:00:00+00:00,69698.26770235132
2022-09-28 04:00:00+00:00,72710.48122364118
2022-09-29 04:00:00+00:00,72253.14536626494
2022-09-30 04:00:00+00:00,71078.93631597197
2022-10-03 04:00:00+00:00,72510.8855084616
2022-10-04 04:00:00+00:00,72259.7486471207
2022-10-05 04:00:00+00:00,71392.48226800463
2022-10-06 04:00:00+00:00,70889.0644329369
2022-10-07 04:00:00+00:00,70021.17716305087
2022-10-10 04:00:00+00:00,68643.92534044574
2022-10-11 04:00:00+00:00,69028.32406833464
2022-10-12 04:00:00+00:00,69449.53478458218
2022-10-13 04:00:00+00:00,68622.95729059033
2022-10-14 04:00:00+00:00,67910.35614734083
2022-10-17 04:00:00+00:00,67490.94667930799
2022-10-18 04:00:00+00:00,67688.69756976132
2022-10-19 04:00:00+00:00,66150.64960628781
2022-10-20 04:00:00+00:00,64704.7987289227
2022-10-21 04:00:00+00:00,63212.40761257062
2022-10-24 04:00:00+00:00,62542.52380584495
2022-10-25 04:00:00+00:00,64835.752664534564
2022-10-26 04:00:00+00:00,65958.3157704329
2022-10-27 04:00:00+00:00,66805.43033904023
2022-10-28 04:00:00+00:00,66235.99855600999
2022-10-31 04:00:00+00:00,65639.42270491288
2022-11-01 04:00:00+00:00,66411.41477393832
2022-11-02 04:00:00+00:00,66053.5611269445
2022-11-03 04:00:00+00:00,65604.84433948417
2022-11-04 04:00:00+00:00,64214.75076288887
2022-11-07 05:00:00+00:00,63394.88316248223
2022-11-08 05:00:00+00:00,64269.89817500065
2022-11-09 05:00:00+00:00,64528.677980260356
2022-11-10 05:00:00+00:00,67612.6384475322
2022-11-11 05:00:00+00:00,67310.85334036566
2022-11-14 05:00:00+00:00,67103.83728811957
2022-11-15 05:00:00+00:00,68464.6127361715
2022-11-16 05:00:00+00:00,70304.2407243574
2022-11-17 05:00:00+00:00,69396.61094857538
2022-11-18 05:00:00+00:00,68791.63283321893
2022-11-21 05:00:00+00:00,69155.79471755555
2022-11-22 05:00:00+00:00,70374.19287241319
2022-11-23 05:00:00+00:00,71879.40377402451
2022-11-25 05:00:00+00:00,71577.96435619015
2022-11-28 05:00:00+00:00,71829.9279395184
2022-11-29 05:00:00+00:00,70777.94265383587
2022-11-30 05:00:00+00:00,71434.85142715703
2022-12-01 05:00:00+00:00,74259.65230527618
2022-12-02 05:00:00+00:00,75378.67692402657
2022-12-05 05:00:00+00:00,74074.81249049996
2022-12-06 05:00:00+00:00,75285.27490256749
2022-12-07 05:00:00+00:00,77467.2792411295
2022-12-08 05:00:00+00:00,77205.11256740682
2022-12-09 05:00:00+00:00,74685.10055523831
2022-12-12 05:00:00+00:00,74988.68054952522
2022-12-13 05:00:00+00:00,75888.9752019224
2022-12-14 05:00:00+00:00,76287.86492374704
2022-12-15 05:00:00+00:00,76656.50297337244
2022-12-16 05:00:00+00:00,75588.13794161157
2022-12-19 05:00:00+00:00,73975.30216674737
2022-12-20 05:00:00+00:00,72294.73931333855
2022-12-21 05:00:00+00:00,72523.68987018727
2022-12-22 05:00:00+00:00,72505.10562841556
2022-12-23 05:00:00+00:00,71174.74799029829
2022-12-27 05:00:00+00:00,69381.27387396529
2022-12-28 05:00:00+00:00,68854.1350247545
2022-12-29 05:00:00+00:00,69836.89016549737
2022-12-30 05:00:00+00:00,68876.85312161091
2023-01-03 05:00:00+00:00,70538.12976928496
2023-01-04 05:00:00+00:00,71716.59463683104
2023-01-05 05:00:00+00:00,72083.252420307
2023-01-06 05:00:00+00:00,73731.58291733619
2023-01-09 05:00:00+00:00,74209.18254681697
2023-01-10 05:00:00+00:00,72681.21879453961
2023-01-11 05:00:00+00:00,74184.75485006477
2023-01-12 05:00:00+00:00,75973.48405746986
2023-01-13 05:00:00+00:00,75100.58222752922
2023-01-17 05:00:00+00:00,74485.88872868888
2023-01-18 05:00:00+00:00,76757.04129970376
2023-01-19 05:00:00+00:00,76169.27515989824
2023-01-20 05:00:00+00:00,74613.44790567919
2023-01-23 05:00:00+00:00,74162.58900223026
2023-01-24 05:00:00+00:00,75501.49693683446
2023-01-25 05:00:00+00:00,75723.96405489986
2023-01-26 05:00:00+00:00,75283.8239027888
2023-01-27 05:00:00+00:00,75043.55705604808
2023-01-30 05:00:00+00:00,74698.20083330791
2023-01-31 05:00:00+00:00,75445.99950303655
2023-02-01 05:00:00+00:00,76566.17851683812
2023-02-02 05:00:00+00:00,76686.30867534637
2023-02-03 05:00:00+00:00,75252.8793113635
2023-02-06 05:00:00+00:00,74541.43446850864
2023-02-07 05:00:00+00:00,73784.9074127225
2023-02-08 05:00:00+00:00,74225.9054593711
2023-02-09 05:00:00+00:00,73350.35551437872
2023-02-10 05:00:00+00:00,72311.62719326896
2023-02-13 05:00:00+00:00,73080.7990273549
2023-02-14 05:00:00+00:00,72870.97427585344
2023-02-15 05:00:00+00:00,72018.07897008638
2023-02-16 05:00:00+00:00,70725.96332505542
2023-02-17 05:00:00+00:00,71423.17550797483
2023-02-21 05:00:00+00:00,69699.23613545953
2023-02-22 05:00:00+00:00,70512.6091072819
2023-02-23 05:00:00+00:00,71364.87470176432
2023-02-24 05:00:00+00:00,70218.14821229108
2023-02-27 05:00:00+00:00,70461.18813206037
2023-02-28 05:00:00+00:00,70858.98307426771
2023-03-01 05:00:00+00:00,69911.26028668403
2023-03-02 05:00:00+00:00,69125.24822694587
2023-03-03 05:00:00+00:00,71239.29439488027
2023-03-06 05:00:00+00:00,70564.67673596216
2023-03-07 05:00:00+00:00,71108.44792919222
2023-03-08 05:00:00+00:00,71193.98268482271
2023-03-09 05:00:00+00:00,71411.93967029634
2023-03-10 05:00:00+00:00,74476.83144293746
2023-03-13 04:00:00+00:00,74673.47483255797
2023-03-14 04:00:00+00:00,73140.86628728903
2023-03-15 04:00:00+00:00,74938.66357431328
2023-03-16 04:00:00+00:00,74218.83010033752
2023-03-17 04:00:00+00:00,75620.31131771122
2023-03-20 04:00:00+00:00,74800.26867778176
2023-03-21 04:00:00+00:00,73987.69048074885
2023-03-22 04:00:00+00:00,75231.35969547577
2023-03-23 04:00:00+00:00,75228.91728170602
2023-03-24 04:00:00+00:00,75625.45937579172
2023-03-27 04:00:00+00:00,73410.34567352111
2023-03-28 04:00:00+00:00,73578.11468430693
2023-03-29 04:00:00+00:00,73392.5069495314
2023-03-30 04:00:00+00:00,73814.14377592452
2023-03-31 04:00:00+00:00,75187.34538729078
2023-04-03 04:00:00+00:00,75618.82644838412
2023-04-04 04:00:00+00:00,76084.90413731082
2023-04-05 04:00:00+00:00,77072.89275808795
2023-04-06 04:00:00+00:00,77317.50099100574
2023-04-10 04:00:00+00:00,75762.4935912628
2023-04-11 04:00:00+00:00,75958.56635490137
2023-04-12 04:00:00+00:00,75860.02062600428
2023-04-13 04:00:00+00:00,75112.93540725428
2023-04-14 04:00:00+00:00,74243.74420798593
2023-04-17 04:00:00+00:00,73125.14587298303
2023-04-18 04:00:00+00:00,73453.07934029227
2023-04-19 04:00:00+00:00,73364.13821905738
2023-04-20 04:00:00+00:00,74147.24698822242
2023-04-21 04:00:00+00:00,73629.48910360676
2023-04-24 04:00:00+00:00,74523.03115145626
2023-04-25 04:00:00+00:00,75875.53697968426
2023-04-26 04:00:00+00:00,74879.02752990495
2023-04-27 04:00:00+00:00,73937.29066705858
2023-04-28 04:00:00+00:00,75444.05790316893
2023-05-01 04:00:00+00:00,72773.13143180705
2023-05-02 04:00:00+00:00,75112.53214927163
2023-05-03 04:00:00+00:00,75617.10079088387
2023-05-04 04:00:00+00:00,74687.63077265993
2023-05-05 04:00:00+00:00,74371.51404603639
2023-05-08 04:00:00+00:00,73060.56904438844
2023-05-09 04:00:00+00:00,72726.43899855047
2023-05-10 04:00:00+00:00,73610.66030535103
2023-05-11 04:00:00+00:00,74569.66922867562
2023-05-12 04:00:00+00:00,73796.90749762795
2023-05-15 04:00:00+00:00,72830.83818457864
2023-05-16 04:00:00+00:00,72552.37990637276
2023-05-17 04:00:00+00:00,72281.28620026562
2023-05-18 04:00:00+00:00,71607.94595492717
2023-05-19 04:00:00+00:00,70969.73321689006
2023-05-22 04:00:00+00:00,70649.50886766597
2023-05-23 04:00:00+00:00,70905.16355553108
2023-05-24 04:00:00+00:00,70466.54400308663
2023-05-25 04:00:00+00:00,70245.21986008888
2023-05-26 04:00:00+00:00,70955.64443779085
2023-05-30 04:00:00+00:00,71832.61709404085
2023-05-31 04:00:00+00:00,72604.00816655061
2023-06-01 04:00:00+00:00,72949.43248410754
2023-06-02 04:00:00+00:00,71953.02892323773
2023-06-05 04:00:00+00:00,71781.31296191897
2023-06-06 04:00:00+00:00,72310.39797284808
2023-06-07 04:00:00+00:00,70975.970880095
2023-06-08 04:00:00+00:00,72028.2724974459
2023-06-09 04:00:00+00:00,71904.42219851089
2023-06-12 04:00:00+00:00,72168.23477080704
2023-06-13 04:00:00+00:00,71278.11357095321
2023-06-14 04:00:00+00:00,71996.95248383607
2023-06-15 04:00:00+00:00,72852.62959651841
2023-06-16 04:00:00+00:00,72501.22456250491
2023-06-20 04:00:00+00:00,73129.47345532718
2023-06-21 04:00:00+00:00,73347.66933362308
2023-06-22 04:00:00+00:00,72242.49522089364
2023-06-23 04:00:00+00:00,73153.8104445113
2023-06-26 04:00:00+00:00,73248.49723974596
2023-06-27 04:00:00+00:00,73008.77928354633
2023-06-28 04:00:00+00:00,73398.10333296955
2023-06-29 04:00:00+00:00,71746.68734183296
2023-06-30 04:00:00+00:00,72823.79524866235
2023-07-03 04:00:00+00:00,72312.54594181175
2023-07-05 04:00:00+00:00,71446.98339804955
2023-07-06 04:00:00+00:00,70166.38195431633
2023-07-07 04:00:00+00:00,69626.79078542834
2023-07-10 04:00:00+00:00,69740.47610292559
2023-07-11 04:00:00+00:00,70186.39773533374
2023-07-12 04:00:00+00:00,71155.16469744235
2023-07-13 04:00:00+00:00,72075.47545986301
2023-07-14 04:00:00+00:00,71549.48746606418
2023-07-17 04:00:00+00:00,71592.6127551572
2023-07-18 04:00:00+00:00,71997.56976529285
2023-07-19 04:00:00+00:00,73006.49674109621
2023-07-20 04:00:00+00:00,71910.69229018508
2023-07-21 04:00:00+00:00,71935.64357567951
2023-07-24 04:00:00+00:00,71607.50687982533
2023-07-25 04:00:00+00:00,71438.00499528859
2023-07-26 04:00:00+00:00,71525.32293626759
2023-07-27 04:00:00+00:00,69786.67305496578
2023-07-28 04:00:00+00:00,70241.95502010659
2023-07-31 04:00:00+00:00,70450.77898863915
2023-08-01 04:00:00+00:00,69009.45043584939
2023-08-02 04:00:00+00:00,68064.92620367165
2023-08-03 04:00:00+00:00,66072.18411770364
2023-08-04 04:00:00+00:00,67572.1955857941
2023-08-07 04:00:00+00:00,66754.87888270328
2023-08-08 04:00:00+00:00,67732.71773277897
2023-08-09 04:00:00+00:00,68163.10976659243
2023-08-10 04:00:00+00:00,66766.83720720772
2023-08-11 04:00:00+00:00,66568.31104346289
2023-08-14 04:00:00+00:00,66383.38638395513
2023-08-15 04:00:00+00:00,65875.57872627082
2023-08-16 04:00:00+00:00,65225.432550069956
2023-08-17 04:00:00+00:00,64872.99844877448
2023-08-18 04:00:00+00:00,65159.80708654609
2023-08-21 04:00:00+00:00,64077.14547277769
2023-08-22 04:00:00+00:00,64699.08201428465
2023-08-23 04:00:00+00:00,66683.37099995972
2023-08-24 04:00:00+00:00,66145.74576391277
2023-08-25 04:00:00+00:00,66416.50726362286
2023-08-28 04:00:00+00:00,66502.32110567913
2023-08-29 04:00:00+00:00,67363.04327633342
2023-08-30 04:00:00+00:00,67275.10281419999
2023-08-31 04:00:00+00:00,67649.94073761613
2023-09-01 04:00:00+00:00,66336.50662622484
2023-09-05 04:00:00+00:00,65150.59898015245
2023-09-06 04:00:00+00:00,65351.94601805668
2023-09-07 04:00:00+00:00,65576.56131639653
2023-09-08 04:00:00+00:00,65889.3310154932
2023-09-11 04:00:00+00:00,65297.216528455545
2023-09-12 04:00:00+00:00,65768.45115366536
2023-09-13 04:00:00+00:00,65749.87767022877
2023-09-14 04:00:00+00:00,65155.276054918104
2023-09-15 04:00:00+00:00,64653.23518145924
2023-09-18 04:00:00+00:00,65116.26316327284
2023-09-19 04:00:00+00:00,64518.279696821555
2023-09-20 04:00:00+00:00,64770.94270078121
2023-09-21 04:00:00+00:00,62695.45221368546
2023-09-22 04:00:00+00:00,63341.755199248946
2023-09-25 04:00:00+00:00,61407.65811633318
2023-09-26 04:00:00+00:00,61129.608208180216
2023-09-27 04:00:00+00:00,60731.01342079236
2023-09-28 04:00:00+00:00,60962.75319435575
2023-09-29 04:00:00+00:00,60970.12261716154
2023-10-02 04:00:00+00:00,59693.07504848919
2023-10-03 04:00:00+00:00,58051.908740418054
2023-10-04 04:00:00+00:00,59100.899132300954
2023-10-05 04:00:00+00:00,58736.37731999481
2023-10-06 04:00:00+00:00,57840.11796196259
2023-10-09 04:00:00+00:00,59559.456821339234
2023-10-10 04:00:00+00:00,59456.15502615868
2023-10-11 04:00:00+00:00,61008.03412060479
2023-10-12 04:00:00+00:00,58985.304877712224
2023-10-13 04:00:00+00:00,60343.04717642718
2023-10-16 04:00:00+00:00,59151.38124182131
2023-10-17 04:00:00+00:00,58319.482550350214
2023-10-18 04:00:00+00:00,57667.31201840594
2023-10-19 04:00:00+00:00,56174.00573042681
2023-10-20 04:00:00+00:00,56579.91353395977
2023-10-23 04:00:00+00:00,57422.76725451031
2023-10-24 04:00:00+00:00,58353.55206157055
2023-10-25 04:00:00+00:00,56752.52826480251
2023-10-26 04:00:00+00:00,57867.04010546718
2023-10-27 04:00:00+00:00,57563.065551052394
2023-10-30 04:00:00+00:00,57237.41400075943
2023-10-31 04:00:00+00:00,56884.91054674179
2023-11-01 04:00:00+00:00,58442.44799790187
2023-11-02 04:00:00+00:00,60062.99784796139
2023-11-03 04:00:00+00:00,60555.374308998675
2023-11-06 05:00:00+00:00,59824.834903970936
2023-11-07 05:00:00+00:00,60938.89558844026
2023-11-08 05:00:00+00:00,62213.47104315217
2023-11-09 05:00:00+00:00,60460.39909004777
2023-11-10 05:00:00+00:00,60885.23168330187
2023-11-13 05:00:00+00:00,60711.98056785768
2023-11-14 05:00:00+00:00,62433.15948078008
2023-11-15 05:00:00+00:00,61362.49758401802
2023-11-16 05:00:00+00:00,62328.299381654106
2023-11-17 05:00:00+00:00,62686.5109513181
2023-11-20 05:00:00+00:00,63160.90820983632
2023-11-21 05:00:00+00:00,63124.97164861806
2023-11-22 05:00:00+00:00,63403.05757317861
2023-11-24 05:00:00+00:00,62471.458739185284
2023-11-27 05:00:00+00:00,63790.829598883036
2023-11-28 05:00:00+00:00,63942.93263156993
2023-11-29 05:00:00+00:00,64943.107826211046
2023-11-30 05:00:00+00:00,64016.09169384632
2023-12-01 05:00:00+00:00,65539.43430167141
2023-12-04 05:00:00+00:00,65217.75626427575
2023-12-05 05:00:00+00:00,66973.52387902031
2023-12-06 05:00:00+00:00,68058.85799746285
2023-12-07 05:00:00+00:00,67575.9682991021
2023-12-08 05:00:00+00:00,66878.34409327248
2023-12-11 05:00:00+00:00,66698.19859757547
2023-12-12 05:00:00+00:00,66945.17619394997
2023-12-13 05:00:00+00:00,68898.52761959846
2023-12-14 05:00:00+00:00,71072.60322135552
2023-12-15 05:00:00+00:00,71164.06288083552
2023-12-18 05:00:00+00:00,70454.13369249631
2023-12-19 05:00:00+00:00,70931.84437047884
2023-12-20 05:00:00+00:00,71527.96016065523
2023-12-21 05:00:00+00:00,70965.08966406905
2023-12-22 05:00:00+00:00,70557.51286546217
2023-12-26 05:00:00+00:00,70808.45841645706
2023-12-27 05:00:00+00:00,72368.01357627996
2023-12-28 05:00:00+00:00,71721.6155334622
2023-12-29 05:00:00+00:00,70905.04493212096
2024-01-02 05:00:00+00:00,70386.83812015883
2024-01-03 05:00:00+00:00,70755.03131358986
2024-01-04 05:00:00+00:00,69416.7660775263
2024-01-05 05:00:00+00:00,68570.15444584296
2024-01-08 05:00:00+00:00,69423.59046051577
2024-01-09 05:00:00+00:00,68874.90925478558
2024-01-10 05:00:00+00:00,68469.79908156782
2024-01-11 05:00:00+00:00,68951.99665869497
2024-01-12 05:00:00+00:00,68782.5201380651
2024-01-16 05:00:00+00:00,67263.65223677817
2024-01-17 05:00:00+00:00,67124.97071719123
2024-01-18 05:00:00+00:00,66341.8153917823
2024-01-19 05:00:00+00:00,66608.33441633925
2024-01-22 05:00:00+00:00,67101.13567778333
2024-01-23 05:00:00+00:00,66439.74595177613
2024-01-24 05:00:00+00:00,65947.37867077789
2024-01-25 05:00:00+00:00,66488.54927164505
2024-01-26 05:00:00+00:00,66329.363969254
2024-01-29 05:00:00+00:00,67284.36602417998
2024-01-30 05:00:00+00:00,68035.3522305551
2024-01-31 05:00:00+00:00,68859.86426876312
2024-02-01 05:00:00+00:00,70527.41560436111
2024-02-02 05:00:00+00:00,68619.54836542055
2024-02-05 05:00:00+00:00,66838.53525039216
2024-02-06 05:00:00+00:00,67672.64417311839
2024-02-07 05:00:00+00:00,67266.34391385598
2024-02-08 05:00:00+00:00,66773.51851748604
2024-02-09 05:00:00+00:00,66602.18599281258
2024-02-12 05:00:00+00:00,66698.8637583155
2024-02-13 05:00:00+00:00,65270.44812875785
2024-02-14 05:00:00+00:00,65691.37452418137
2024-02-15 05:00:00+00:00,66113.44849879075
2024-02-16 05:00:00+00:00,65637.37827550125
2024-02-20 05:00:00+00:00,65707.10759025573
2024-02-21 05:00:00+00:00,65122.424878631595
2024-02-22 05:00:00+00:00,65521.56014007243
2024-02-23 05:00:00+00:00,66610.52319866618
2024-02-26 05:00:00+00:00,66363.92500826779
2024-02-27 05:00:00+00:00,65775.67416938534
2024-02-28 05:00:00+00:00,66300.72493492009
2024-02-29 05:00:00+00:00,66881.04778037907
2024-03-01 05:00:00+00:00,67395.7920600803
2024-03-04 05:00:00+00:00,67060.10160393284
2024-03-05 05:00:00+00:00,68257.26212176208
2024-03-06 05:00:00+00:00,68748.20030775908
2024-03-07 05:00:00+00:00,68666.81899003676
2024-03-08 05:00:00+00:00,68514.34134416273
2024-03-11 04:00:00+00:00,68468.45987011412
2024-03-12 04:00:00+00:00,67748.91206121902
2024-03-13 04:00:00+00:00,67332.52253586272
2024-03-14 04:00:00+00:00,66029.24566679075
2024-03-15 04:00:00+00:00,65999.92857796048
2024-03-18 04:00:00+00:00,65750.08543046903
2024-03-19 04:00:00+00:00,65980.14134189558
2024-03-20 04:00:00+00:00,65952.45402313567
2024-03-21 04:00:00+00:00,66128.90122310209
2024-03-22 04:00:00+00:00,66915.92231988859
2024-03-25 04:00:00+00:00,66500.5903203809
2024-03-26 04:00:00+00:00,66731.7252245862
2024-03-27 04:00:00+00:00,67555.0389394109
2024-03-28 04:00:00+00:00,67482.91701307024
2024-04-01 04:00:00+00:00,65906.72569860736
2024-04-02 04:00:00+00:00,65439.21771219115
2024-04-03 04:00:00+00:00,65420.02086119322
2024-04-04 04:00:00+00:00,66005.27022109847
2024-04-05 04:00:00+00:00,64864.590424754715
2024-04-08 04:00:00+00:00,64853.650767061095
2024-04-09 04:00:00+00:00,65606.83191959558
2024-04-10 04:00:00+00:00,63837.1611110216
2024-04-11 04:00:00+00:00,63462.10079696677
2024-04-12 04:00:00+00:00,63887.205609089106
2024-04-15 04:00:00+00:00,62654.79854197546
2024-04-16 04:00:00+00:00,62123.495593645544
2024-04-17 04:00:00+00:00,62990.99921837691
2024-04-18 04:00:00+00:00,62597.66928250877
2024-04-19 04:00:00+00:00,62879.84612757103
2024-04-22 04:00:00+00:00,62746.90496932212
2024-04-23 04:00:00+00:00,62772.32476750556
2024-04-24 04:00:00+00:00,62215.903826869886
2024-04-25 04:00:00+00:00,61666.06932369605
2024-04-26 04:00:00+00:00,62072.799785617746
2024-04-29 04:00:00+00:00,62724.151045822065
2024-04-30 04:00:00+00:00,62059.43079893929
2024-05-01 04:00:00+00:00,62634.84408954522
2024-05-02 04:00:00+00:00,62966.90955435083
2024-05-03 04:00:00+00:00,63757.42766267678
2024-05-06 04:00:00+00:00,64063.00625377938
2024-05-07 04:00:00+00:00,64548.86269146249
2024-05-08 04:00:00+00:00,64061.79458763406
2024-05-09 04:00:00+00:00,64451.382073245026
2024-05-10 04:00:00+00:00,63998.94580966469
2024-05-13 04:00:00+00:00,64203.14737561319
2024-05-14 04:00:00+00:00,64653.95481209085
2024-05-15 04:00:00+00:00,65746.92135521218
2024-05-16 04:00:00+00:00,65665.80634548896
2024-05-17 04:00:00+00:00,65111.02273672432
2024-05-20 04:00:00+00:00,64867.26598781913
2024-05-21 04:00:00+00:00,65285.84420193047
2024-05-22 04:00:00+00:00,65381.903543380206
2024-05-23 04:00:00+00:00,64856.00989932579
2024-05-24 04:00:00+00:00,65096.89961543602
2024-05-28 04:00:00+00:00,63931.50299412028
2024-05-29 04:00:00+00:00,62945.95279802578
2024-05-30 04:00:00+00:00,63715.388776279804
2024-05-31 04:00:00+00:00,64247.87648162496
2024-06-03 04:00:00+00:00,65533.491393856406
2024-06-04 04:00:00+00:00,66470.5303396343
2024-06-05 04:00:00+00:00,67070.05726260794
2024-06-06 04:00:00+00:00,66943.99004054678
2024-06-07 04:00:00+00:00,65403.6488933873
2024-06-10 04:00:00+00:00,64843.78638160448
2024-06-11 04:00:00+00:00,65687.66271917481
2024-06-12 04:00:00+00:00,66294.75270806641
2024-06-13 04:00:00+00:00,67500.36242017885
2024-06-14 04:00:00+00:00,68197.02393613954
2024-06-17 04:00:00+00:00,67356.74371333161
2024-06-18 04:00:00+00:00,68136.60293426103
2024-06-20 04:00:00+00:00,67573.09369031669
2024-06-21 04:00:00+00:00,67571.78391596366
2024-06-24 04:00:00+00:00,67912.38781117012
2024-06-25 04:00:00+00:00,68054.45878601218
2024-06-26 04:00:00+00:00,66840.33600142722
2024-06-27 04:00:00+00:00,67175.62483312149
2024-06-28 04:00:00+00:00,65617.35273455006
2024-07-01 04:00:00+00:00,64167.31516626699
2024-07-02 04:00:00+00:00,64802.44199840047
2024-07-03 04:00:00+00:00,65853.8477049854
2024-07-05 04:00:00+00:00,66522.55060772588
2024-07-08 04:00:00+00:00,66699.0230869129
2024-07-09 04:00:00+00:00,66330.0554511707
2024-07-10 04:00:00+00:00,66590.68773904302
2024-07-11 04:00:00+00:00,67395.61088191869
2024-07-12 04:00:00+00:00,67750.00381688573
2024-07-15 04:00:00+00:00,66780.12730347362
2024-07-16 04:00:00+00:00,67972.3357224598
2024-07-17 04:00:00+00:00,67988.07765573864
2024-07-18 04:00:00+00:00,67337.5959780386
2024-07-19 04:00:00+00:00,66835.91340101224
2024-07-22 04:00:00+00:00,66590.0277765463
2024-07-23 04:00:00+00:00,66471.69187728863
2024-07-24 04:00:00+00:00,65571.67329498654
2024-07-25 04:00:00+00:00,66249.56514196353
2024-07-26 04:00:00+00:00,66888.74609769015
2024-07-29 04:00:00+00:00,67332.59493897586
2024-07-30 04:00:00+00:00,67653.6335201259
2024-07-31 04:00:00+00:00,68514.20229600863
2024-08-01 04:00:00+00:00,69243.31102066378
2024-08-02 04:00:00+00:00,71907.44140791609
2024-08-05 04:00:00+00:00,72361.22527713167
2024-08-06 04:00:00+00:00,70347.84147289064
2024-08-07 04:00:00+00:00,69708.14413866258
2024-08-08 04:00:00+00:00,69165.46918924546
2024-08-09 04:00:00+00:00,70022.2935835025
2024-08-12 04:00:00+00:00,70335.1729385135
2024-08-13 04:00:00+00:00,70940.779730746
2024-08-14 04:00:00+00:00,71491.46109343217
2024-08-15 04:00:00+00:00,70773.94078418624
2024-08-16 04:00:00+00:00,71085.17094301584
2024-08-19 04:00:00+00:00,71492.84157877328
2024-08-20 04:00:00+00:00,72199.48790451027
2024-08-21 04:00:00+00:00,72252.39162444664
2024-08-22 04:00:00+00:00,71355.1653673738
2024-08-23 04:00:00+00:00,71944.25900408464
2024-08-26 04:00:00+00:00,71716.01715468126
2024-08-27 04:00:00+00:00,71560.31126784044
2024-08-28 04:00:00+00:00,71449.37088434129
2024-08-29 04:00:00+00:00,71154.92390053469
2024-08-30 04:00:00+00:00,70201.13654211337
2024-09-03 04:00:00+00:00,71651.5767336565
2024-09-04 04:00:00+00:00,72781.67249587117
2024-09-05 04:00:00+00:00,73286.15936027412
2024-09-06 04:00:00+00:00,73275.68509191016
2024-09-09 04:00:00+00:00,73670.41833367042
2024-09-10 04:00:00+00:00,74311.15928280907
2024-09-11 04:00:00+00:00,74236.5861165226
2024-09-12 04:00:00+00:00,73801.69274171714
2024-09-13 04:00:00+00:00,74050.72574241905
2024-09-16 04:00:00+00:00,74895.60192752723
2024-09-17 04:00:00+00:00,74446.00651615545
2024-09-18 04:00:00+00:00,73285.36455906316
2024-09-19 04:00:00+00:00,72975.09819892168
2024-09-20 04:00:00+00:00,72623.02118874407
2024-09-23 04:00:00+00:00,72428.36686367083
2024-09-24 04:00:00+00:00,72408.84107016801
2024-09-25 04:00:00+00:00,71655.57944382525
2024-09-26 04:00:00+00:00,71866.66593151935
2024-09-27 04:00:00+00:00,72331.73552039798
2024-09-30 04:00:00+00:00,71901.99314082797
2024-10-01 04:00:00+00:00,72552.57557867629
2024-10-02 04:00:00+00:00,71792.3578458807
2024-10-03 04:00:00+00:00,70938.11741314143
2024-10-04 04:00:00+00:00,69831.57663044754
2024-10-07 04:00:00+00:00,69152.08855558425
2024-10-08 04:00:00+00:00,69297.80049495338
2024-10-09 04:00:00+00:00,68805.38524475884
2024-10-10 04:00:00+00:00,68465.38283638023
2024-10-11 04:00:00+00:00,68116.55787899041
2024-10-14 04:00:00+00:00,68179.21258243584
2024-10-15 04:00:00+00:00,69212.26941098046
2024-10-16 04:00:00+00:00,69569.5792467841
2024-10-17 04:00:00+00:00,68196.43848119791
2024-10-18 04:00:00+00:00,68258.66230528528
2024-10-21 04:00:00+00:00,66766.54944493683
2024-10-22 04:00:00+00:00,66846.96000035403
2024-10-23 04:00:00+00:00,66619.71390709994
2024-10-24 04:00:00+00:00,67153.24257125398
2024-10-25 04:00:00+00:00,66684.21687847328
2024-10-28 04:00:00+00:00,66455.49573181725
2024-10-29 04:00:00+00:00,66581.28427702904
2024-10-30 04:00:00+00:00,66823.71443486596
2024-10-31 04:00:00+00:00,66957.76732588769
2024-11-01 04:00:00+00:00,65778.91638785935
2024-11-04 05:00:00+00:00,67074.79268624767
2024-11-05 05:00:00+00:00,67509.8574670796
2024-11-06 05:00:00+00:00,65209.62249192033
2024-11-07 05:00:00+00:00,66261.87369136461
2024-11-08 05:00:00+00:00,67297.05634276233
2024-11-11 05:00:00+00:00,66891.55526876924
2024-11-12 05:00:00+00:00,65628.28258406541
2024-11-13 05:00:00+00:00,64833.11367954348
2024-11-14 05:00:00+00:00,65306.24666871447
2024-11-15 05:00:00+00:00,65089.545559595055
2024-11-18 05:00:00+00:00,65233.29107137483
2024-11-19 05:00:00+00:00,65647.01652196689
2024-11-20 05:00:00+00:00,65385.18512283891
2024-11-21 05:00:00+00:00,65320.61222633928
2024-11-22 05:00:00+00:00,65364.77424442095
2024-11-25 05:00:00+00:00,67474.52648281521
2024-11-26 05:00:00+00:00,67153.03373152555
2024-11-27 05:00:00+00:00,67735.58014963925
2024-11-29 05:00:00+00:00,68601.23364631283
2024-12-02 05:00:00+00:00,68803.00519199001
2024-12-03 05:00:00+00:00,68062.0489019547
2024-12-04 05:00:00+00:00,68983.63568521275
2024-12-05 05:00:00+00:00,69154.15798406377
2024-12-06 05:00:00+00:00,69281.1099564301
2024-12-09 05:00:00+00:00,68482.21997550358
2024-12-10 05:00:00+00:00,68073.41102842106
2024-12-11 05:00:00+00:00,67262.29964476933
2024-12-12 05:00:00+00:00,66228.20413149419
2024-12-13 05:00:00+00:00,65368.266869722036
2024-12-16 05:00:00+00:00,65614.19753653806
2024-12-17 05:00:00+00:00,65811.85119704527
2024-12-18 05:00:00+00:00,64785.069174456956
2024-12-19 05:00:00+00:00,63538.90727870501
2024-12-20 05:00:00+00:00,63999.20535245073
2024-12-23 05:00:00+00:00,63255.02427304399
2024-12-24 05:00:00+00:00,63591.069011279185
2024-12-26 05:00:00+00:00,63544.883036944455
2024-12-27 05:00:00+00:00,62892.13106398303
2024-12-30 05:00:00+00:00,63528.70557685968
