timestamp,symbol,quantity,price,gross_value,commission,side
2020-01-02 05:00:00+00:00,XLK,469,88.87744721603393,41683.52274431991,41.68352274431991,BUY
2020-01-02 05:00:00+00:00,XLV,448,93.12679372787476,41720.80359008789,41.72080359008789,BUY
2020-01-02 05:00:00+00:00,XLF,1494,27.896118441581724,41676.8009517231,41.676800951723095,BUY
2020-01-03 05:00:00+00:00,XLK,-469,87.79036478042603,41173.68108201981,41.17368108201981,SELL
2020-01-03 05:00:00+00:00,XLV,-448,92.2229923286438,41315.90056323242,41.31590056323242,SELL
2020-01-03 05:00:00+00:00,XLF,-1494,27.57233707714081,41193.071593248365,41.19307159324837,SELL
2020-02-03 05:00:00+00:00,XLK,446,91.9228381690979,40997.58582341766,40.997585823417666,BUY
2020-02-03 05:00:00+00:00,XLV,449,91.22104091262817,40958.24736977005,40.95824736977005,BUY
2020-02-03 05:00:00+00:00,XLC,793,51.68126137161254,40983.24026768874,40.98324026768874,BUY
2020-02-04 05:00:00+00:00,XLK,-446,94.2363055419922,42029.39227172852,42.02939227172852,SELL
2020-02-04 05:00:00+00:00,XLV,-449,92.73311311721802,41637.16778963089,41.637167789630894,SELL
2020-02-04 05:00:00+00:00,XLC,-793,52.16908139610291,41370.08154710961,41.370081547109606,SELL
2020-03-02 05:00:00+00:00,XLK,704,88.96310708999633,62630.02739135741,62.630027391357416,BUY
2020-03-02 05:00:00+00:00,XLU,1139,55.01632498168945,62663.59415414428,62.663594154144285,BUY
2020-03-03 05:00:00+00:00,XLK,-704,85.49909918212892,60191.36582421876,60.191365824218764,SELL
2020-03-03 05:00:00+00:00,XLU,-1139,54.28516073608399,61830.79807839966,61.83079807839966,SELL
2020-04-01 04:00:00+00:00,TLT,848,142.52120668029784,120857.98326489257,120.85798326489257,BUY
2020-04-02 04:00:00+00:00,TLT,-848,143.28223539733887,121503.33561694335,121.50333561694336,SELL
2020-05-01 04:00:00+00:00,TLT,846,143.48343376922605,121386.98496876525,121.38698496876525,BUY
2020-05-04 04:00:00+00:00,TLT,-846,142.66581402587892,120695.27866589357,120.69527866589357,SELL
2020-06-01 04:00:00+00:00,TLT,866,138.81768042755127,120216.11125025939,120.21611125025939,BUY
2020-06-02 04:00:00+00:00,TLT,-866,138.17472878265383,119659.31512577822,119.65931512577822,SELL
2020-07-01 04:00:00+00:00,XLY,321,123.72513884353637,39715.76956877518,39.71576956877518,BUY
2020-07-01 04:00:00+00:00,XLK,396,100.39895215988159,39757.98505531311,39.757985055313114,BUY
2020-07-01 04:00:00+00:00,XLB,781,50.91930679321289,39767.978605499266,39.767978605499266,BUY
2020-07-02 04:00:00+00:00,XLY,-321,124.09010744094849,39832.924488544464,39.832924488544464,SELL
2020-07-02 04:00:00+00:00,XLK,-396,100.88317270660401,39949.73639181519,39.94973639181519,SELL
2020-07-02 04:00:00+00:00,XLB,-781,51.823272789001464,40473.97604821014,40.47397604821014,SELL
2020-08-03 04:00:00+00:00,XLY,306,131.11986371612548,40122.6782971344,40.1226782971344,BUY
2020-08-03 04:00:00+00:00,XLK,369,108.54328871154785,40052.473534561155,40.05247353456116,BUY
2020-08-03 04:00:00+00:00,XLC,724,55.387360015869135,40100.448651489256,40.10044865148926,BUY
2020-08-04 04:00:00+00:00,XLY,-306,132.0427560195923,40405.08334199525,40.40508334199525,SELL
2020-08-04 04:00:00+00:00,XLK,-369,108.71273680114747,40114.999879623414,40.11499987962341,SELL
2020-08-04 04:00:00+00:00,XLC,-724,55.68388271713257,40315.13108720398,40.31513108720399,SELL
2020-09-01 04:00:00+00:00,XLY,276,145.4585877227783,40146.57021148681,40.14657021148681,BUY
2020-09-01 04:00:00+00:00,XLI,554,72.51495334625244,40173.28415382385,40.17328415382385,BUY
2020-09-01 04:00:00+00:00,XLK,333,120.78378853225708,40221.00158124161,40.22100158124161,BUY
2020-09-02 04:00:00+00:00,XLY,-276,147.32527207183838,40661.775091827396,40.661775091827394,SELL
2020-09-02 04:00:00+00:00,XLI,-554,73.64062098693849,40796.90402676392,40.79690402676392,SELL
2020-09-02 04:00:00+00:00,XLK,-333,121.73639596939087,40538.21985780716,40.538219857807164,SELL
2020-10-01 04:00:00+00:00,XLY,284,143.1157726135254,40644.87942224121,40.64487942224121,BUY
2020-10-01 04:00:00+00:00,XLK,359,113.37926261901855,40703.15528022766,40.703155280227655,BUY
2020-10-01 04:00:00+00:00,XLB,716,56.839394874572754,40697.006730194094,40.6970067301941,BUY
2020-10-02 04:00:00+00:00,XLY,-284,142.36777586364747,40432.44834527588,40.43244834527588,SELL
2020-10-02 04:00:00+00:00,XLK,-359,110.39418478012085,39631.51233606339,39.63151233606339,SELL
2020-10-02 04:00:00+00:00,XLB,-716,57.289402797698976,41019.212403152465,41.019212403152466,SELL
2020-11-02 05:00:00+00:00,XLI,557,72.16700113677977,40197.01963318633,40.197019633186336,BUY
2020-11-02 05:00:00+00:00,XLB,680,59.14049831199646,40215.538852157595,40.21553885215759,BUY
2020-11-02 05:00:00+00:00,XLU,735,54.71899239921569,40218.45941342354,40.21845941342354,BUY
2020-11-03 05:00:00+00:00,XLI,-557,74.2229255142212,41342.16951142121,41.34216951142121,SELL
2020-11-03 05:00:00+00:00,XLB,-680,60.00454006385804,40803.08724342346,40.80308724342346,SELL
2020-11-03 05:00:00+00:00,XLU,-735,55.45317461204529,40758.083339853285,40.758083339853286,SELL
2020-12-01 05:00:00+00:00,XLI,505,81.32681404495239,41070.04109270096,41.07004109270096,BUY
2020-12-01 05:00:00+00:00,XLF,1583,25.930654847145078,41048.226623030656,41.04822662303066,BUY
2020-12-01 05:00:00+00:00,XLB,631,65.02011893463134,41027.69504775238,41.02769504775238,BUY
2020-12-02 05:00:00+00:00,XLI,-505,81.35653343963624,41085.0493870163,41.0850493870163,SELL
2020-12-02 05:00:00+00:00,XLF,-1583,26.188395376205445,41456.22988053322,41.45622988053322,SELL
2020-12-02 05:00:00+00:00,XLB,-631,64.1224866218567,40461.28905839157,40.46128905839157,SELL
2021-01-04 05:00:00+00:00,XLK,332,123.25092572021484,40919.30733911133,40.91930733911133,BUY
2021-01-04 05:00:00+00:00,XLF,1527,26.77880171585083,40891.23022010422,40.89123022010422,BUY
2021-01-04 05:00:00+00:00,XLE,1290,31.70737790107727,40902.51749238968,40.90251749238968,BUY
2021-01-05 05:00:00+00:00,XLK,-332,123.92675226974488,41143.6817535553,41.1436817535553,SELL
2021-01-05 05:00:00+00:00,XLF,-1527,26.871637797355653,41032.990916562085,41.032990916562085,SELL
2021-01-05 05:00:00+00:00,XLE,-1290,33.09425392150879,42691.58755874634,42.69158755874634,SELL
2021-02-01 05:00:00+00:00,XLF,1544,27.009023122787475,41701.93170158386,41.70193170158386,BUY
2021-02-01 05:00:00+00:00,XLE,1260,33.07724126243591,41677.32399066925,41.67732399066925,BUY
2021-02-01 05:00:00+00:00,XLC,640,65.10075615692138,41664.48394042968,41.66448394042968,BUY
2021-02-02 05:00:00+00:00,XLF,-1544,27.635190918922426,42668.73477881622,42.66873477881622,SELL
2021-02-02 05:00:00+00:00,XLE,-1260,33.4029869594574,42087.76356891632,42.08776356891632,SELL
2021-02-02 05:00:00+00:00,XLC,-640,66.02845454788208,42258.21091064453,42.25821091064453,SELL
2021-03-01 05:00:00+00:00,XLF,1382,30.683277926445005,42404.290094346994,42.404290094347,BUY
2021-03-01 05:00:00+00:00,XLE,1028,41.263029956817626,42418.39479560852,42.41839479560852,BUY
2021-03-01 05:00:00+00:00,XLC,605,70.13643008422851,42432.54020095825,42.43254020095825,BUY
2021-03-02 05:00:00+00:00,XLF,-1382,30.542220182418824,42209.34829210281,42.20934829210281,SELL
2021-03-02 05:00:00+00:00,XLE,-1028,40.996482166290285,42144.383666946414,42.14438366694642,SELL
2021-03-02 05:00:00+00:00,XLC,-605,69.55087763595581,42078.280969753265,42.078280969753266,SELL
2021-04-01 04:00:00+00:00,XLRE,1211,34.63909891891479,41947.948790805814,41.94794879080582,BUY
2021-04-01 04:00:00+00:00,XLF,1316,31.88297987937927,41958.00152126312,41.95800152126312,BUY
2021-04-01 04:00:00+00:00,XLE,988,42.46900068283081,41959.37267463684,41.95937267463684,BUY
2021-04-05 04:00:00+00:00,XLRE,-1211,34.785607528686526,42125.370717239384,42.125370717239385,SELL
2021-04-05 04:00:00+00:00,XLF,-1316,32.100587490081786,42244.37313694763,42.24437313694763,SELL
2021-04-05 04:00:00+00:00,XLE,-988,41.414588895797735,40917.61382904816,40.917613829048165,SELL
2021-05-03 04:00:00+00:00,XLRE,1133,36.728502931594846,41613.39382149696,41.61339382149696,BUY
2021-05-03 04:00:00+00:00,XLF,1235,33.70511852073669,41625.821373109815,41.625821373109815,BUY
2021-05-03 04:00:00+00:00,XLE,971,42.84043264389038,41598.06009721756,41.59806009721756,BUY
2021-05-04 04:00:00+00:00,XLRE,-1133,36.46753591918946,41317.71819644166,41.31771819644166,SELL
2021-05-04 04:00:00+00:00,XLF,-1235,33.93938930892944,41915.14579652786,41.91514579652786,SELL
2021-05-04 04:00:00+00:00,XLE,-971,42.82291529464722,41581.05075110245,41.581050751102445,SELL
2021-06-01 04:00:00+00:00,XLF,1174,35.35152923583984,41502.695322875974,41.50269532287597,BUY
2021-06-01 04:00:00+00:00,XLB,513,80.89925509643554,41501.31786447143,41.50131786447143,BUY
2021-06-01 04:00:00+00:00,XLE,907,45.76962325286865,41513.048290351864,41.51304829035187,BUY
2021-06-02 04:00:00+00:00,XLF,-1174,35.37162952613831,41526.293063686375,41.526293063686374,SELL
2021-06-02 04:00:00+00:00,XLB,-513,80.14248775100708,41113.09621626663,41.113096216266634,SELL
2021-06-02 04:00:00+00:00,XLE,-907,46.57561182975769,42244.079929590225,42.24407992959023,SELL
2021-07-01 04:00:00+00:00,XLRE,1074,38.6780398349762,41540.21478276444,41.54021478276444,BUY
2021-07-01 04:00:00+00:00,XLK,290,143.0962621307373,41497.91601791382,41.49791601791382,BUY
2021-07-01 04:00:00+00:00,XLV,350,118.74341643905639,41560.19575366974,41.56019575366974,BUY
2021-07-02 04:00:00+00:00,XLRE,-1074,38.821685861587525,41694.490615345,41.694490615345,SELL
2021-07-02 04:00:00+00:00,XLK,-290,144.8378994369507,42002.990836715704,42.0029908367157,SELL
2021-07-02 04:00:00+00:00,XLV,-350,119.76365846633912,41917.280463218696,41.917280463218695,SELL
2021-08-02 04:00:00+00:00,XLRE,1038,40.320397315979,41852.5724139862,41.8525724139862,BUY
2021-08-02 04:00:00+00:00,XLK,283,147.87553656005858,41848.77684649658,41.84877684649658,BUY
2021-08-02 04:00:00+00:00,XLV,339,123.65873755645751,41920.31203163909,41.92031203163909,BUY
2021-08-03 04:00:00+00:00,XLRE,-1038,40.4450383605957,41981.94981829834,41.98194981829834,SELL
2021-08-03 04:00:00+00:00,XLK,-283,148.67489294433594,42074.99470324707,42.07499470324707,SELL
2021-08-03 04:00:00+00:00,XLV,-339,125.2528711051941,42460.7233046608,42.4607233046608,SELL
2021-09-01 04:00:00+00:00,XLRE,1000,42.145241930007934,42145.241930007935,42.145241930007934,BUY
2021-09-01 04:00:00+00:00,XLK,274,153.72862033081054,42121.641970642086,42.12164197064209,BUY
2021-09-01 04:00:00+00:00,XLC,511,82.5173198890686,42166.350463314055,42.16635046331405,BUY
2021-09-02 04:00:00+00:00,XLRE,-1000,42.302770681381226,42302.770681381226,42.302770681381226,SELL
2021-09-02 04:00:00+00:00,XLK,-274,153.4106372909546,42034.514617721565,42.03451461772156,SELL
2021-09-02 04:00:00+00:00,XLC,-511,81.87922880935669,41840.28592158127,41.84028592158127,SELL
2021-10-01 04:00:00+00:00,XLY,360,174.8951431274414,62962.251525878906,62.962251525878905,BUY
2021-10-01 04:00:00+00:00,XLK,428,146.8950661010742,62871.08829125976,62.87108829125976,BUY
2021-10-04 04:00:00+00:00,XLY,-360,173.3384125595093,62401.82852142335,62.40182852142335,SELL
2021-10-04 04:00:00+00:00,XLK,-428,143.34993529510498,61353.772306304934,61.35377230630493,SELL
2021-11-01 04:00:00+00:00,XLY,207,198.14997457122803,41017.0447362442,41.0170447362442,BUY
2021-11-01 04:00:00+00:00,XLF,1090,37.56644229125976,40947.42209747314,40.947422097473144,BUY
2021-11-01 04:00:00+00:00,XLE,812,50.45879909706115,40972.54486681366,40.972544866813664,BUY
2021-11-02 04:00:00+00:00,XLY,-207,196.6183927230835,40700.00729367828,40.70000729367828,SELL
2021-11-02 04:00:00+00:00,XLF,-1090,37.62206014442444,41008.045557422636,41.00804555742264,SELL
2021-11-02 04:00:00+00:00,XLE,-812,49.93411926651001,40546.504844406125,40.54650484440612,SELL
2021-12-01 05:00:00+00:00,XLY,209,194.19357536315917,40586.45725090027,40.58645725090027,BUY
2021-12-01 05:00:00+00:00,XLK,252,161.27737573242186,40641.89868457031,40.641898684570315,BUY
2021-12-01 05:00:00+00:00,XLE,870,46.617859811782836,40557.53803625107,40.55753803625107,BUY
2021-12-02 05:00:00+00:00,XLY,-209,196.76332449340822,41123.53481912232,41.12353481912232,SELL
2021-12-02 05:00:00+00:00,XLK,-252,162.59750884246827,40974.57222830201,40.97457222830201,SELL
2021-12-02 05:00:00+00:00,XLE,-870,47.92503443717957,41694.779960346226,41.694779960346224,SELL
2022-01-03 05:00:00+00:00,XLY,203,203.74597185516356,41360.4322865982,41.360432286598204,BUY
2022-01-03 05:00:00+00:00,XLK,242,170.42820435333252,41243.62545350647,41.243625453506475,BUY
2022-01-03 05:00:00+00:00,XLE,826,50.02801511764526,41323.140487174984,41.32314048717498,BUY
2022-01-04 05:00:00+00:00,XLY,-203,202.30353701019288,41067.61801306916,41.06761801306916,SELL
2022-01-04 05:00:00+00:00,XLK,-242,168.4536491317749,40765.783089889526,40.765783089889524,SELL
2022-01-04 05:00:00+00:00,XLE,-826,51.70742116737366,42710.32988425064,42.71032988425064,SELL
2022-02-01 05:00:00+00:00,XLK,263,157.67912670135496,41469.610322456356,41.469610322456354,BUY
2022-02-01 05:00:00+00:00,XLE,694,59.68914285850524,41424.26514380264,41.424265143802636,BUY
2022-02-01 05:00:00+00:00,XLP,602,68.81591542053222,41427.181083160394,41.4271810831604,BUY
2022-02-02 05:00:00+00:00,XLK,-263,158.80193748474122,41764.90955848694,41.76490955848694,SELL
2022-02-02 05:00:00+00:00,XLE,-694,59.82163671875,41516.2158828125,41.5162158828125,SELL
2022-02-02 05:00:00+00:00,XLP,-602,69.57137519454956,41881.96786711884,41.88196786711884,SELL
2022-03-01 05:00:00+00:00,XLE,2007,62.32956152915954,125095.42998902319,125.09542998902319,BUY
2022-03-02 05:00:00+00:00,XLE,-2007,63.69096649742127,127827.76976032449,127.82776976032449,SELL
2022-04-01 04:00:00+00:00,XLE,628,68.01878701400757,42715.79824479675,42.71579824479675,BUY
2022-04-01 04:00:00+00:00,XLP,612,69.81114850616454,42724.4228857727,42.724422885772704,BUY
2022-04-01 04:00:00+00:00,XLU,630,67.82957502365112,42732.6322649002,42.732632264900204,BUY
2022-04-04 04:00:00+00:00,XLE,-628,68.03898442459106,42728.482218643185,42.72848221864319,SELL
2022-04-04 04:00:00+00:00,XLP,-612,69.5230061416626,42548.07975869752,42.54807975869752,SELL
2022-04-04 04:00:00+00:00,XLU,-630,67.24120388793946,42361.95844940186,42.36195844940186,SELL
2022-05-02 04:00:00+00:00,XLE,1888,67.39210053634643,127236.28581262207,127.23628581262207,BUY
2022-05-03 04:00:00+00:00,XLE,-1888,69.2117604751587,130671.80377709962,130.67180377709963,SELL
2022-06-01 04:00:00+00:00,XLE,839,78.22250234985351,65628.6794715271,65.6286794715271,BUY
2022-06-01 04:00:00+00:00,XLU,984,66.6706248664856,65603.89486862182,65.60389486862182,BUY
2022-06-02 04:00:00+00:00,XLE,-839,77.89741791534425,65355.93363097383,65.35593363097382,SELL
2022-06-02 04:00:00+00:00,XLU,-984,67.05272243118287,65979.87887228395,65.97987887228395,SELL
2022-07-01 04:00:00+00:00,TLT,1280,102.35709169006347,131017.07736328125,131.01707736328126,BUY
2022-07-05 04:00:00+00:00,TLT,-1280,103.05819396591187,131914.4882763672,131.9144882763672,SELL
2022-08-01 04:00:00+00:00,TLT,1240,106.27928648757934,131786.31524459837,131.78631524459837,BUY
2022-08-02 04:00:00+00:00,TLT,-1240,103.926503490448,128868.86432815551,128.86886432815552,SELL
2022-09-01 04:00:00+00:00,XLY,419,152.61768305969238,63946.80920201111,63.94680920201111,BUY
2022-09-01 04:00:00+00:00,XLU,936,68.29086512374877,63920.24975582885,63.920249755828856,BUY
2022-09-02 04:00:00+00:00,XLY,-419,151.06616802215578,63296.724401283274,63.29672440128328,SELL
2022-09-02 04:00:00+00:00,XLU,-936,67.48981304168701,63170.46500701905,63.17046500701905,SELL
2022-10-03 04:00:00+00:00,TLT,1362,92.34179449081421,125769.52409648895,125.76952409648895,BUY
2022-10-04 04:00:00+00:00,TLT,-1362,91.9918533782959,125292.90430123902,125.29290430123902,SELL
2022-11-01 04:00:00+00:00,XLI,463,89.94364624786377,41643.90821276092,41.64390821276092,BUY
2022-11-01 04:00:00+00:00,XLF,1285,32.392298131942745,41624.103099546424,41.624103099546424,BUY
2022-11-01 04:00:00+00:00,XLE,507,81.9923077583313,41570.100033473966,41.57010003347396,BUY
2022-11-02 04:00:00+00:00,XLI,-463,88.27133297729493,40869.627168487554,40.869627168487554,SELL
2022-11-02 04:00:00+00:00,XLF,-1285,31.951507404327394,41057.6870145607,41.057687014560706,SELL
2022-11-02 04:00:00+00:00,XLE,-507,79.93629207229614,40527.70008065414,40.52770008065414,SELL
2022-12-01 05:00:00+00:00,XLV,458,132.7378903427124,60793.953776962284,60.79395377696228,BUY
2022-12-01 05:00:00+00:00,XLE,741,81.97426285171508,60742.928773120875,60.74292877312087,BUY
2022-12-02 05:00:00+00:00,XLV,-458,132.94760732269287,60890.004153793336,60.890004153793335,SELL
2022-12-02 05:00:00+00:00,XLE,-741,81.40556591796876,60321.52434521485,60.321524345214854,SELL
2023-01-03 05:00:00+00:00,XLI,427,94.36138135528564,40292.30983870697,40.29230983870697,BUY
2023-01-03 05:00:00+00:00,XLV,311,129.49892120361326,40274.164494323726,40.27416449432373,BUY
2023-01-03 05:00:00+00:00,XLE,523,76.93874922180176,40238.96584300232,40.23896584300232,BUY
2023-01-04 05:00:00+00:00,XLI,-427,95.1003676185608,40607.85697312546,40.607856973125465,SELL
2023-01-04 05:00:00+00:00,XLV,-311,129.71333964538576,40340.84862971497,40.340848629714976,SELL
2023-01-04 05:00:00+00:00,XLE,-523,76.85275160598755,40193.989089931485,40.193989089931485,SELL
2023-02-01 05:00:00+00:00,XLI,410,98.35940445327758,40327.355825843806,40.32735582584381,BUY
2023-02-01 05:00:00+00:00,XLF,1153,34.97765083122253,40329.23140839958,40.32923140839958,BUY
2023-02-01 05:00:00+00:00,XLB,499,80.80587041473389,40322.12933695221,40.32212933695221,BUY
2023-02-02 05:00:00+00:00,XLI,-410,99.02735821914673,40601.21686985016,40.60121686985016,SELL
2023-02-02 05:00:00+00:00,XLF,-1153,35.038269678115846,40399.12493886757,40.39912493886757,SELL
2023-02-02 05:00:00+00:00,XLB,-499,80.4693277282715,40154.19453640748,40.15419453640748,SELL
2023-03-01 05:00:00+00:00,XLK,303,132.88111988067627,40262.979323844906,40.26297932384491,BUY
2023-03-01 05:00:00+00:00,XLB,515,78.20748019409179,40276.85229995727,40.27685229995727,BUY
2023-03-01 05:00:00+00:00,XLC,781,51.59164367866516,40293.07371303749,40.293073713037494,BUY
2023-03-02 05:00:00+00:00,XLK,-303,134.38417505645754,40718.405042106635,40.71840504210664,SELL
2023-03-02 05:00:00+00:00,XLB,-515,79.01984226226807,40695.21876506806,40.695218765068056,SELL
2023-03-02 05:00:00+00:00,XLC,-781,52.02548410224915,40631.90308385659,40.63190308385659,SELL
2023-04-03 04:00:00+00:00,XLK,275,148.16049952697753,40744.13736991882,40.74413736991882,BUY
2023-04-03 04:00:00+00:00,XLE,510,79.74973958587645,40672.36718879699,40.67236718879699,BUY
2023-04-03 04:00:00+00:00,XLC,717,56.721816736221314,40669.542599870685,40.66954259987069,BUY
2023-04-04 04:00:00+00:00,XLK,-275,147.19758936309816,40479.337074851996,40.479337074852,SELL
2023-04-04 04:00:00+00:00,XLE,-510,78.22533309936524,39894.91988067627,39.89491988067628,SELL
2023-04-04 04:00:00+00:00,XLC,-717,56.84033621406555,40754.521065485,40.754521065485,SELL
2023-05-01 04:00:00+00:00,XLY,280,143.50276105499267,40180.77309539795,40.180773095397946,BUY
2023-05-01 04:00:00+00:00,XLK,271,148.3079273300171,40191.448306434635,40.19144830643464,BUY
2023-05-01 04:00:00+00:00,XLC,689,58.35886150360107,40209.25557598114,40.20925557598114,BUY
2023-05-02 04:00:00+00:00,XLY,-280,143.506244430542,40181.74844055176,40.181748440551765,SELL
2023-05-02 04:00:00+00:00,XLK,-271,146.77548301696777,39776.15589759826,39.776155897598265,SELL
2023-05-02 04:00:00+00:00,XLC,-689,57.21999477005005,39424.57639656449,39.42457639656449,SELL
2023-06-01 04:00:00+00:00,XLK,364,163.07780552673339,59360.32121173095,59.360321211730955,BUY
2023-06-01 04:00:00+00:00,XLC,966,61.46730658149719,59377.418157726286,59.37741815772629,BUY
2023-06-02 04:00:00+00:00,XLK,-364,163.84741763305664,59640.46001843262,59.64046001843262,SELL
2023-06-02 04:00:00+00:00,XLC,-966,61.483746227264405,59393.29885553742,59.39329885553742,SELL
2023-07-03 04:00:00+00:00,XLY,235,168.7977813949585,39667.478627815246,39.66747862781525,BUY
2023-07-03 04:00:00+00:00,XLK,232,170.8443974533081,39635.90020916748,39.63590020916748,BUY
2023-07-03 04:00:00+00:00,XLC,622,63.73390409660339,39642.48834808731,39.64248834808731,BUY
2023-07-05 04:00:00+00:00,XLY,-235,168.69772869110108,39643.96624240875,39.64396624240875,SELL
2023-07-05 04:00:00+00:00,XLK,-232,169.6209881439209,39352.06924938965,39.35206924938965,SELL
2023-07-05 04:00:00+00:00,XLC,-622,64.1576939239502,39906.08562069703,39.90608562069703,SELL
2023-08-01 04:00:00+00:00,XLY,234,168.7093888320923,39477.99698670959,39.47799698670959,BUY
2023-08-01 04:00:00+00:00,XLK,225,175.9257027053833,39583.28310871124,39.58328310871124,BUY
2023-08-01 04:00:00+00:00,XLC,589,67.05233112716674,39493.82303390121,39.49382303390121,BUY
2023-08-02 04:00:00+00:00,XLY,-234,165.518670211792,38731.36882955933,38.73136882955933,SELL
2023-08-02 04:00:00+00:00,XLK,-225,171.40160678863526,38565.36152744293,38.56536152744293,SELL
2023-08-02 04:00:00+00:00,XLC,-589,65.72753391647339,38713.51747680283,38.71351747680283,SELL
2023-09-01 04:00:00+00:00,XLY,230,166.64681936645508,38328.76845428467,38.32876845428467,BUY
2023-09-01 04:00:00+00:00,XLK,221,173.5130589981079,38346.38603858185,38.34638603858185,BUY
2023-09-01 04:00:00+00:00,XLE,455,84.31774205017089,38364.57263282775,38.36457263282775,BUY
2023-09-05 04:00:00+00:00,XLY,-230,166.59796427917482,38317.53178421021,38.31753178421021,SELL
2023-09-05 04:00:00+00:00,XLK,-221,173.95940927886963,38445.02945063019,38.44502945063019,SELL
2023-09-05 04:00:00+00:00,XLE,-455,84.67906720352174,38528.97557760239,38.52897557760239,SELL
2023-10-02 04:00:00+00:00,XLE,1387,82.92739115524292,115020.29153232192,115.02029153232192,BUY
2023-10-03 04:00:00+00:00,XLE,-1387,82.78839619064331,114827.50551642227,114.82750551642228,SELL
2023-11-01 04:00:00+00:00,XLE,1439,79.55748957824707,114483.22750309754,114.48322750309755,BUY
2023-11-02 04:00:00+00:00,XLE,-1439,81.88130296707153,117827.19496961594,117.82719496961595,SELL
2023-12-01 05:00:00+00:00,XLK,647,183.14039833831785,118491.83772489165,118.49183772489165,BUY
2023-12-04 05:00:00+00:00,XLK,-647,180.72927704620363,116931.84224889375,116.93184224889376,SELL
2024-01-02 05:00:00+00:00,XLRE,1014,38.18748401069641,38722.10878684616,38.722108786846164,BUY
2024-01-02 05:00:00+00:00,XLK,209,185.38404279327392,38745.26494379425,38.745264943794254,BUY
2024-01-02 05:00:00+00:00,XLF,1052,36.812277402877804,38726.51582782745,38.72651582782745,BUY
2024-01-03 05:00:00+00:00,XLRE,-1014,37.243472982406615,37764.881604160306,37.76488160416031,SELL
2024-01-03 05:00:00+00:00,XLK,-209,183.31158815002442,38312.1219233551,38.3121219233551,SELL
2024-01-03 05:00:00+00:00,XLF,-1052,36.46382988739014,38359.949041534426,38.35994904153443,SELL
2024-02-01 05:00:00+00:00,XLRE,1034,36.64789242553711,37893.92076800537,37.89392076800537,BUY
2024-02-01 05:00:00+00:00,XLK,191,197.97441075897217,37813.11245496369,37.81311245496369,BUY
2024-02-01 05:00:00+00:00,XLF,1001,37.84567653465271,37883.522211187366,37.88352221118737,BUY
2024-02-02 05:00:00+00:00,XLRE,-1034,36.148908691406255,37377.97158691407,37.37797158691407,SELL
2024-02-02 05:00:00+00:00,XLK,-191,199.82179205322268,38165.96228216553,38.16596228216553,SELL
2024-02-02 05:00:00+00:00,XLF,-1001,37.96367849540711,38001.64217390252,38.00164217390252,SELL
2024-03-01 05:00:00+00:00,XLI,319,118.57834065628052,37826.49066935349,37.82649066935349,BUY
2024-03-01 05:00:00+00:00,XLK,181,208.44824246978757,37729.13188703155,37.72913188703155,BUY
2024-03-01 05:00:00+00:00,XLF,962,39.2787810344696,37786.18735515976,37.78618735515976,BUY
2024-03-04 05:00:00+00:00,XLI,-319,118.88873756408692,37925.50728294373,37.92550728294373,SELL
2024-03-04 05:00:00+00:00,XLK,-181,208.23989839935305,37691.4216102829,37.6914216102829,SELL
2024-03-04 05:00:00+00:00,XLF,-962,39.336915788650515,37842.112988681794,37.8421129886818,SELL
2024-04-01 04:00:00+00:00,XLF,921,40.992375440597534,37753.97778079033,37.75397778079033,BUY
2024-04-01 04:00:00+00:00,XLE,416,90.61218561172485,37694.66921447754,37.694669214477535,BUY
2024-04-01 04:00:00+00:00,XLC,466,80.93296334838867,37714.76092034912,37.71476092034912,BUY
2024-04-02 04:00:00+00:00,XLF,-921,40.73633551025391,37518.16500494385,37.518165004943846,SELL
2024-04-02 04:00:00+00:00,XLE,-416,91.78745733642579,38183.58225195313,38.183582251953126,SELL
2024-04-02 04:00:00+00:00,XLC,-466,80.72434999465943,37617.5470975113,37.6175470975113,SELL
2024-05-01 04:00:00+00:00,XLI,318,118.65116147232055,37731.06934819793,37.731069348197934,BUY
2024-05-01 04:00:00+00:00,XLF,955,39.49516343307495,37717.88107858658,37.71788107858658,BUY
2024-05-01 04:00:00+00:00,XLE,430,87.67782732009887,37701.46574764251,37.701465747642516,BUY
2024-05-02 04:00:00+00:00,XLI,-318,119.21704927825928,37911.02167048645,37.91102167048645,SELL
2024-05-02 04:00:00+00:00,XLF,-955,39.553447940826416,37773.542783489225,37.773542783489226,SELL
2024-05-02 04:00:00+00:00,XLE,-430,88.09463304138184,37880.69220779419,37.88069220779419,SELL
2024-06-03 04:00:00+00:00,XLB,427,88.43528593826294,37761.86709563827,37.76186709563827,BUY
2024-06-03 04:00:00+00:00,XLE,437,86.46788732528687,37786.46676115036,37.786466761150365,BUY
2024-06-03 04:00:00+00:00,XLU,549,68.8480588645935,37797.58431666183,37.797584316661826,BUY
2024-06-04 04:00:00+00:00,XLB,-427,87.36623765563965,37305.38347895813,37.305383478958134,SELL
2024-06-04 04:00:00+00:00,XLE,-437,85.55343906402588,37386.85287097931,37.38685287097931,SELL
2024-06-04 04:00:00+00:00,XLU,-549,68.75055015563966,37744.05203544617,37.744052035446174,SELL
2024-07-01 04:00:00+00:00,XLK,165,226.2082166519165,37324.355747566224,37.32435574756622,BUY
2024-07-01 04:00:00+00:00,XLU,571,65.32913414382934,37302.935596126554,37.30293559612655,BUY
2024-07-01 04:00:00+00:00,XLC,444,84.11515667724609,37347.129564697265,37.34712956469727,BUY
2024-07-02 04:00:00+00:00,XLK,-165,227.11232392120363,37473.5334469986,37.4735334469986,SELL
2024-07-02 04:00:00+00:00,XLU,-571,65.60139920043946,37458.398943450935,37.45839894345094,SELL
2024-07-02 04:00:00+00:00,XLC,-444,84.7797629852295,37642.214765441895,37.6422147654419,SELL
2024-08-01 04:00:00+00:00,XLRE,932,40.18295375061035,37450.51289556885,37.45051289556885,BUY
2024-08-01 04:00:00+00:00,XLV,253,148.0295136566162,37451.4669551239,37.4514669551239,BUY
2024-08-01 04:00:00+00:00,XLU,524,71.5367117843628,37485.236975006104,37.4852369750061,BUY
2024-08-02 04:00:00+00:00,XLRE,-932,40.17158125495911,37439.91372962189,37.43991372962189,SELL
2024-08-02 04:00:00+00:00,XLV,-253,147.5880953063965,37339.78811251831,37.33978811251831,SELL
2024-08-02 04:00:00+00:00,XLU,-524,71.58094424819947,37508.41478605652,37.50841478605652,SELL
2024-09-03 04:00:00+00:00,XLRE,890,41.931286891937255,37318.84533382416,37.31884533382416,BUY
2024-09-03 04:00:00+00:00,XLV,243,153.65065473175048,37337.10909981537,37.337109099815365,BUY
2024-09-03 04:00:00+00:00,XLF,837,44.60307805252075,37332.77632995987,37.33277632995987,BUY
2024-09-04 04:00:00+00:00,XLRE,-890,41.98534829521179,37366.959982738495,37.36695998273849,SELL
2024-09-04 04:00:00+00:00,XLV,-243,153.23293077850343,37235.602179176334,37.23560217917633,SELL
2024-09-04 04:00:00+00:00,XLF,-837,44.60757168388367,37336.53749941063,37.33653749941063,SELL
2024-10-01 04:00:00+00:00,XLRE,867,42.95072106742859,37238.27516546059,37.23827516546059,BUY
2024-10-01 04:00:00+00:00,XLY,188,197.9642738571167,37217.28348513794,37.21728348513794,BUY
2024-10-01 04:00:00+00:00,XLU,470,79.14586877059936,37198.5583221817,37.198558322181704,BUY
2024-10-02 04:00:00+00:00,XLRE,-867,42.753171741485595,37066.99989986801,37.06699989986801,SELL
2024-10-02 04:00:00+00:00,XLY,-188,196.09158716583252,36865.218387176516,36.86521838717652,SELL
2024-10-02 04:00:00+00:00,XLU,-470,79.10560715866089,37179.63536457062,37.17963536457062,SELL
2024-11-01 04:00:00+00:00,XLF,802,45.98749412727356,36881.97029007339,36.88197029007339,BUY
2024-11-01 04:00:00+00:00,XLU,486,75.93843241882324,36906.07815554809,36.906078155548094,BUY
2024-11-01 04:00:00+00:00,XLC,404,91.39307818222045,36922.80358561706,36.92280358561706,BUY
2024-11-04 05:00:00+00:00,XLF,-802,45.58691346359253,36560.70459780121,36.56070459780121,SELL
2024-11-04 05:00:00+00:00,XLU,-486,74.95951839828491,36430.325941566465,36.430325941566466,SELL
2024-11-04 05:00:00+00:00,XLC,-404,90.9954036102295,36762.14305853272,36.76214305853272,SELL
2024-12-02 05:00:00+00:00,XLY,164,222.4469222717285,36481.295252563476,36.48129525256348,BUY
2024-12-02 05:00:00+00:00,XLF,726,50.118877023696896,36386.304719203945,36.38630471920395,BUY
2024-12-02 05:00:00+00:00,XLC,371,98.12885863494873,36405.80655356598,36.40580655356598,BUY
2024-12-03 05:00:00+00:00,XLY,-164,222.0561374588013,36417.20654324341,36.41720654324341,SELL
2024-12-03 05:00:00+00:00,XLF,-726,49.69447016906739,36078.18534274292,36.07818534274293,SELL
2024-12-03 05:00:00+00:00,XLC,-371,98.82126929855347,36662.69090976334,36.66269090976334,SELL
